period,horizon,regime,comparison,coverage_difference,interval_score_difference,coverage_ci_lower,coverage_ci_upper,score_ci_lower,score_ci_upper,inference_status,multiple_testing
development_2023_2025,5,All,cqr_minus_rolling,0.003372031408063972,-0.03091226920514506,-0.007650717624711376,0.013923068774529812,-0.04834084896184562,-0.010370955003895461,eligible_exploratory,exploratory_unadjusted_CIs
development_2023_2025,5,Low,cqr_minus_rolling,0.001001001001001001,-0.016785078270367137,-0.012941670074481507,0.013824296864032002,-0.047764523763292266,0.02916064106930852,eligible_exploratory,exploratory_unadjusted_CIs
development_2023_2025,5,Normal,cqr_minus_rolling,0.0022536365498873182,-0.0279169821947398,-0.016154417171539558,0.02136139526174614,-0.05192437637138671,0.0006552511735551928,eligible_exploratory,exploratory_unadjusted_CIs
development_2023_2025,5,High,cqr_minus_rolling,0.006467156987065686,-0.047083269185938005,-0.013892313972376759,0.026444280449080593,-0.07598312862662208,-0.022242763493357,eligible_exploratory,exploratory_unadjusted_CIs
development_2023_2025,20,All,cqr_minus_rolling,0.005462348809988295,-0.013423899850050968,-0.00785634523400821,0.01971670485728137,-0.024904795735990044,-0.0016446083154501687,eligible_exploratory,exploratory_unadjusted_CIs
development_2023_2025,20,Low,cqr_minus_rolling,0.014168247944339026,-0.01623331840933171,-0.013271477466637706,0.04048085612208598,-0.037427331169953997,0.003486762224017978,eligible_exploratory,exploratory_unadjusted_CIs
development_2023_2025,20,Normal,cqr_minus_rolling,0.004363183045917307,-0.023672681558549447,,,,,insufficient_session_support,exploratory_unadjusted_CIs
development_2023_2025,20,High,cqr_minus_rolling,-0.002697148728487028,-0.004236147464472056,-0.015897571755354924,0.010783127378438603,-0.024762493353421813,0.013846362454067831,eligible_exploratory,exploratory_unadjusted_CIs
chronological_2026,5,All,cqr_minus_rolling,0.015490196078431372,-0.014817383648557683,0.0015637254901960786,0.02941666666666666,-0.03765921693426249,0.004548609400314909,eligible_exploratory,exploratory_unadjusted_CIs
chronological_2026,5,Low,cqr_minus_rolling,-0.011111111111111112,0.012147385314002458,,,,,insufficient_session_support,exploratory_unadjusted_CIs
chronological_2026,5,Normal,cqr_minus_rolling,0.021383647798742137,0.008783035209880333,-0.004869791666666666,0.05,-0.014420337809064095,0.03704804269223398,eligible_exploratory,exploratory_unadjusted_CIs
chronological_2026,5,High,cqr_minus_rolling,0.014814814814814815,-0.02864613476115265,-0.0009142204827136333,0.03009385894341646,-0.059706481913418305,-0.004275338003776441,eligible_exploratory,exploratory_unadjusted_CIs
chronological_2026,20,All,cqr_minus_rolling,0.016774193548387096,0.02897514952369162,-0.02475268817204301,0.0580752688172043,0.00038679662009509904,0.05699568082661664,eligible_exploratory,exploratory_unadjusted_CIs
chronological_2026,20,Low,cqr_minus_rolling,0.014814814814814815,0.06655552114961862,,,,,insufficient_session_support,exploratory_unadjusted_CIs
chronological_2026,20,Normal,cqr_minus_rolling,0.034013605442176874,0.04170824900571938,,,,,insufficient_session_support,exploratory_unadjusted_CIs
chronological_2026,20,High,cqr_minus_rolling,0.008247422680412371,0.019056126644797777,,,,,insufficient_session_support,exploratory_unadjusted_CIs
