horizon,universe_year,point_forecast_available,n_requests,n_labeled_outcomes,n_unknown_outcomes,n_events,event_prevalence_labeled,n_manual_review_required,outcome_sample_scope
5,2021,False,577,567,10,100,0.1763668430335097,577,all_annual_requests_independent_of_forecast
5,2021,True,6923,6903,20,1040,0.15065913370998116,6923,all_annual_requests_independent_of_forecast
5,2022,False,740,526,214,282,0.5361216730038023,740,all_annual_requests_independent_of_forecast
5,2022,True,6730,6700,30,2394,0.3573134328358209,6730,all_annual_requests_independent_of_forecast
5,2023,False,428,354,74,155,0.4378531073446328,428,all_annual_requests_independent_of_forecast
5,2023,True,7042,7022,20,903,0.12859584164055823,7042,all_annual_requests_independent_of_forecast
5,2024,False,184,170,14,42,0.24705882352941178,184,all_annual_requests_independent_of_forecast
5,2024,True,7316,7304,12,535,0.07324753559693319,7316,all_annual_requests_independent_of_forecast
5,2025,False,957,935,22,225,0.24064171122994651,957,all_annual_requests_independent_of_forecast
5,2025,True,6483,6433,50,836,0.12995491994403854,6483,all_annual_requests_independent_of_forecast
5,2026,True,5250,5100,150,841,0.16490196078431374,5250,all_annual_requests_independent_of_forecast
20,2021,False,577,552,25,68,0.12318840579710146,577,all_annual_requests_independent_of_forecast
20,2021,True,6923,6843,80,1051,0.15358760777436797,6923,all_annual_requests_independent_of_forecast
20,2022,False,740,489,251,311,0.6359918200408998,740,all_annual_requests_independent_of_forecast
20,2022,True,6730,6619,111,2691,0.4065568817041849,6730,all_annual_requests_independent_of_forecast
20,2023,False,428,261,167,124,0.47509578544061304,428,all_annual_requests_independent_of_forecast
20,2023,True,7042,6962,80,1016,0.14593507612754955,7042,all_annual_requests_independent_of_forecast
20,2024,False,184,170,14,84,0.49411764705882355,184,all_annual_requests_independent_of_forecast
20,2024,True,7316,7259,57,554,0.07631905221104836,7316,all_annual_requests_independent_of_forecast
20,2025,False,957,905,52,229,0.25303867403314917,957,all_annual_requests_independent_of_forecast
20,2025,True,6483,6283,200,1042,0.16584434187490052,6483,all_annual_requests_independent_of_forecast
20,2026,True,5250,4650,600,815,0.17526881720430107,5250,all_annual_requests_independent_of_forecast
