period,horizon,regime,model,n_stock_days,n_dates,qlike,mae_vol,rmse_vol,cc_target_qlike,fallback_share
development_2023_2025,5,All,lgb_v8,20759,747,0.28164028322807766,0.08396802299433063,0.13049776805290308,0.519784252049066,0.0
development_2023_2025,5,All,har_v8,20759,747,0.30488958697930474,0.09097369366227041,0.1370308950244645,0.5649812043448346,0.0
development_2023_2025,5,All,har_ridge,20759,747,0.27698320676298505,0.10126572298343185,0.1429027729879393,0.5444064131111791,0.0
development_2023_2025,5,All,lgb_full,20759,747,0.2864979962893344,0.08507270935295512,0.13117343708764878,0.5305554658434856,0.0
development_2023_2025,5,All,gamma,20759,747,0.2695292137702839,0.09410929603166615,0.13505927193962253,0.5302402780161326,0.0
development_2023_2025,5,All,gamma_id,20759,747,0.2604167912418834,0.09348587576408501,0.13395222471826865,0.5222040736177005,0.0
development_2023_2025,5,All,gamma_recent,20759,747,0.2727212086653251,0.09644538622671656,0.13842103018848287,0.5344611717045845,0.0
development_2023_2025,5,All,historical,20759,747,0.35999631814137206,0.10159293028106077,0.1526778188073841,0.6223569119401838,0.0
development_2023_2025,5,All,ewma94,20759,747,0.43550127431253777,0.09981235613155688,0.1511691110598529,0.5828923827121892,0.0
development_2023_2025,5,All,garch,20759,747,0.38930520638123023,0.10921235516870269,0.15269440732119408,0.5204248220016113,0.09827062960643576
development_2023_2025,5,All,gjr_garch,20759,747,0.3961581449658245,0.11180231579864792,0.15511540921351089,0.5237134742727221,0.08959969169998555
development_2023_2025,5,All,egarch,20759,747,0.4055648018054137,0.11417507445949317,0.15695080156755878,0.5264261003232366,0.08959969169998555
development_2023_2025,5,All,ensemble_equal,20759,747,0.25901297546654567,0.08872520406254603,0.13067280305077078,0.5193730934276285,0.0
development_2023_2025,5,All,ensemble_adaptive,20759,747,0.26057395591966903,0.08953789755407485,0.13148923088065276,0.5215566369124607,0.0
development_2023_2025,5,All,ensemble_stack,20759,747,0.26982468071148935,0.09144306301950536,0.13381844012820032,0.5284774205597169,0.0
development_2023_2025,5,Low,lgb_v8,7992,280,0.3524535499156852,0.07360815125056337,0.12549306666643056,0.6340326253627108,0.0
development_2023_2025,5,Low,har_v8,7992,280,0.339954133889995,0.07726056775478955,0.12603145468994362,0.6365007259250471,0.0
development_2023_2025,5,Low,har_ridge,7992,280,0.3010703903989325,0.08844831673869537,0.13223902999821008,0.6069108555628445,0.0
development_2023_2025,5,Low,lgb_full,7992,280,0.3562372561068065,0.07363850322843658,0.12561129393773798,0.6417671189858531,0.0
development_2023_2025,5,Low,gamma,7992,280,0.3386162744374724,0.08290226239054602,0.12962479901593582,0.6408331699345202,0.0
development_2023_2025,5,Low,gamma_id,7992,280,0.3133581646437093,0.08297475204218224,0.1285627778679503,0.6176685932159183,0.0
development_2023_2025,5,Low,gamma_recent,7992,280,0.3399654817684691,0.08860187070318808,0.13590713761853504,0.6427102799004948,0.0
development_2023_2025,5,Low,historical,7992,280,0.3711729357978042,0.08029254341363726,0.13283053654071872,0.683632858878619,0.0
development_2023_2025,5,Low,ewma94,7992,280,0.5814358680034799,0.08148592328920894,0.14136384605738156,0.7073219262228763,0.0
development_2023_2025,5,Low,garch,7992,280,0.5015532320493221,0.10356327450031763,0.14996902481390906,0.6008143494889735,0.07419919919919919
development_2023_2025,5,Low,gjr_garch,7992,280,0.5086618445163239,0.10614825624356994,0.15224639658998823,0.6022859188213298,0.06393893893893894
development_2023_2025,5,Low,egarch,7992,280,0.5179914053400881,0.10846923267557873,0.15407396674472507,0.6077195452077636,0.06393893893893894
development_2023_2025,5,Low,ensemble_equal,7992,280,0.31506515278213415,0.07833867456821528,0.1252601206755408,0.6150370772437362,0.0
development_2023_2025,5,Low,ensemble_adaptive,7992,280,0.3161279831964588,0.07861579882626783,0.12549655984427832,0.6169075330851835,0.0
development_2023_2025,5,Low,ensemble_stack,7992,280,0.32457113644498353,0.08035660845475603,0.12732919788841404,0.6282787959555325,0.0
development_2023_2025,5,Normal,lgb_v8,4881,172,0.24531698724680823,0.08351192045682734,0.1233288931831576,0.5320527588698458,0.0
development_2023_2025,5,Normal,har_v8,4881,172,0.2749937336815986,0.09085355435125417,0.12862194597713733,0.5977495603845487,0.0
development_2023_2025,5,Normal,har_ridge,4881,172,0.24105169600790063,0.09821397741412226,0.12995201628260286,0.561677735190212,0.0
development_2023_2025,5,Normal,lgb_full,4881,172,0.257493057352221,0.0846092219164584,0.1237637523304151,0.552880080706911,0.0
development_2023_2025,5,Normal,gamma,4881,172,0.24317279156651342,0.09246664754863508,0.12553610306129145,0.5427262638630689,0.0
development_2023_2025,5,Normal,gamma_id,4881,172,0.2309009700580331,0.09183350979787676,0.1246425432117015,0.5389743526957107,0.0
development_2023_2025,5,Normal,gamma_recent,4881,172,0.24619715271456505,0.09305327800857162,0.12744348974250297,0.5483517539165921,0.0
development_2023_2025,5,Normal,historical,4881,172,0.2868390815843638,0.09687244237899813,0.13288459185427176,0.6212708853330363,0.0
development_2023_2025,5,Normal,ewma94,4881,172,0.42186504704864386,0.09961460855105697,0.1487167199492411,0.596856508993889,0.0
development_2023_2025,5,Normal,garch,4881,172,0.3989968078637919,0.10440500940852925,0.14947174338992755,0.5270854612139105,0.11923786109403811
development_2023_2025,5,Normal,gjr_garch,4881,172,0.4116504170104663,0.10690449625986322,0.1526760031861914,0.5391954588982107,0.11514034009424298
development_2023_2025,5,Normal,egarch,4881,172,0.4194394481258329,0.11072522920117452,0.1551592201124007,0.5393419200461834,0.11514034009424298
development_2023_2025,5,Normal,ensemble_equal,4881,172,0.23031731243068415,0.08762906496560267,0.1217529632355536,0.5384864230412983,0.0
development_2023_2025,5,Normal,ensemble_adaptive,4881,172,0.232352713299788,0.08818805398608494,0.12230964358454585,0.5396700325950644,0.0
development_2023_2025,5,Normal,ensemble_stack,4881,172,0.24568540152838703,0.09033622026553531,0.1252669277735783,0.5487922407185731,0.0
development_2023_2025,5,High,lgb_v8,7886,295,0.23235729823152892,0.09474944975843685,0.13947870829481473,0.3964066738960257,0.0
development_2023_2025,5,High,har_v8,7886,295,0.287857606385324,0.104945504748963,0.15196228340791415,0.4722185411063231,0.0
development_2023_2025,5,High,har_ridge,7886,295,0.2748118819312676,0.11614427748910446,0.15994321807360123,0.47037181671991996,0.0
development_2023_2025,5,High,lgb_full,7886,295,0.23377379422121541,0.0969474820545393,0.1407946443273408,0.4040312486152101,0.0
development_2023_2025,5,High,gamma,7886,295,0.21582669131586263,0.10648367849495642,0.14572162426271715,0.41043270901655754,0.0
development_2023_2025,5,High,gamma_id,7886,295,0.22503247307944116,0.10516100879306164,0.14445447769842606,0.4150764838625996,0.0
development_2023_2025,5,High,gamma_recent,7886,295,0.22098999974512903,0.1064938589983124,0.14719272256912894,0.4161595226456796,0.0
development_2023_2025,5,High,historical,7886,295,0.39394977278562165,0.126101349415529,0.18042075926017156,0.5609295124902107,0.0
development_2023_2025,5,High,ewma94,7886,295,0.2960451688721442,0.11850751935961476,0.16190804109758133,0.44814728860638303,0.0
development_2023_2025,5,High,garch,7886,295,0.26954982621691714,0.11791285064893849,0.1573348639848707,0.43483216619711856,0.10968805478062389
development_2023_2025,5,High,gjr_garch,7886,295,0.27255335842543826,0.12056385537929606,0.1594339659975752,0.43450239846883126,0.09979710880040578
development_2023_2025,5,High,egarch,7886,295,0.28303936886868,0.1220928759105327,0.16089264689893884,0.4360457645909461,0.09979710880040578
development_2023_2025,5,High,ensemble_equal,7886,295,0.21996840663213743,0.09992979430485795,0.14097127475696575,0.41059313901440836,0.0
development_2023_2025,5,High,ensemble_adaptive,7886,295,0.221740592900589,0.1014422850113399,0.14245051170362957,0.4137128825960528,0.0
development_2023_2025,5,High,ensemble_stack,7886,295,0.22928323352288132,0.10336361137907986,0.14490038260774155,0.4147608051198569,0.0
development_2023_2025,20,All,lgb_v8,20504,747,0.2527750856086319,0.08094379957495425,0.11612588444158653,0.2941294750948712,0.0
development_2023_2025,20,All,har_v8,20504,747,0.2357119497589357,0.08261915128916276,0.11567124861856853,0.3065030299857078,0.0
development_2023_2025,20,All,har_ridge,20504,747,0.2241314871890173,0.09033615827223425,0.12023295051929489,0.30252253202408064,0.0
development_2023_2025,20,All,lgb_full,20504,747,0.26167175357088207,0.08021808614538624,0.11494987314089716,0.3118027600003044,0.0
development_2023_2025,20,All,gamma,20504,747,0.23914453120909382,0.08704145749506217,0.11948006495516171,0.29486557206853414,0.0
development_2023_2025,20,All,gamma_id,20504,747,0.24494566210045174,0.08778151732474494,0.1204466189930464,0.3040875794338041,0.0
development_2023_2025,20,All,gamma_recent,20504,747,0.25586837136770674,0.08907708821998447,0.12098350843488354,0.3140217664649093,0.0
development_2023_2025,20,All,historical,20504,747,0.36405725304626535,0.09985196514101247,0.13927882724820345,0.4263640200062297,0.0
development_2023_2025,20,All,ewma94,20504,747,0.47815447079658246,0.09891873775752649,0.1422068051503106,0.4081063418800764,0.0
development_2023_2025,20,All,garch,20504,747,0.35015689312617987,0.11158139462468125,0.1445478613430222,0.2957459982768513,0.09656652360515021
development_2023_2025,20,All,gjr_garch,20504,747,0.360958176414102,0.1157871261564284,0.14848406004397702,0.30472481245707417,0.08778774873195475
development_2023_2025,20,All,egarch,20504,747,0.3717726071877189,0.12203193597827308,0.15259065339422717,0.313638881897091,0.08778774873195475
development_2023_2025,20,All,ensemble_equal,20504,747,0.2263851567800623,0.08144824916076003,0.11222173123753698,0.288854149467512,0.0
development_2023_2025,20,All,ensemble_adaptive,20504,747,0.23033027236270798,0.08293072273562604,0.11398235179645676,0.2924456175520891,0.0
development_2023_2025,20,All,ensemble_stack,20504,747,0.2430123772185461,0.08416918120513932,0.11629616240789334,0.29961957389394606,0.0
development_2023_2025,20,Low,lgb_v8,7905,280,0.41398774805807753,0.08663987279293217,0.1346922081812199,0.4120750912424498,0.0
development_2023_2025,20,Low,har_v8,7905,280,0.3557838061319445,0.08618291851024862,0.13035027995133108,0.3893784828988199,0.0
development_2023_2025,20,Low,har_ridge,7905,280,0.32286771256998087,0.09194964969578039,0.13058448920769394,0.3672825311114719,0.0
development_2023_2025,20,Low,lgb_full,7905,280,0.4461069055015065,0.08438390546371963,0.13309999319810073,0.4438627126673296,0.0
development_2023_2025,20,Low,gamma,7905,280,0.37032390785453906,0.08658561433978727,0.13002958456114533,0.3883203352859095,0.0
development_2023_2025,20,Low,gamma_id,7905,280,0.38844674244464455,0.0867814132348876,0.13083675702750205,0.4039299328780473,0.0
development_2023_2025,20,Low,gamma_recent,7905,280,0.40544640737973536,0.09004594031130676,0.13320910054120788,0.4223532602635963,0.0
development_2023_2025,20,Low,historical,7905,280,0.5278122479410196,0.08609365213636518,0.13701178425595378,0.5510834266303548,0.0
development_2023_2025,20,Low,ewma94,7905,280,0.8049933503379804,0.09573960154812028,0.15516844845858752,0.6182473559063707,0.0
development_2023_2025,20,Low,garch,7905,280,0.490253382851851,0.12134549434160574,0.15769904464116372,0.36406938184552784,0.06742567994939912
development_2023_2025,20,Low,gjr_garch,7905,280,0.5025305361468013,0.1265582319883569,0.1617924796397826,0.3738014908271102,0.05705249841872233
development_2023_2025,20,Low,egarch,7905,280,0.5109417862617289,0.1334398372521154,0.16607967264167153,0.3831866149495499,0.05705249841872233
development_2023_2025,20,Low,ensemble_equal,7905,280,0.3630267750371469,0.0850086188718217,0.12846634811969554,0.3855101457903316,0.0
development_2023_2025,20,Low,ensemble_adaptive,7905,280,0.3661794211558637,0.08526006167777897,0.12877905708395193,0.38799802145679324,0.0
development_2023_2025,20,Low,ensemble_stack,7905,280,0.3933668214086078,0.08802618920653588,0.132083061895172,0.4100705027660163,0.0
development_2023_2025,20,Normal,lgb_v8,4813,172,0.16118691529241685,0.07710930027543071,0.10326995715048842,0.2524489726786921,0.0
development_2023_2025,20,Normal,har_v8,4813,172,0.16794108702483315,0.07540893812720648,0.10020289444751415,0.2852785540968729,0.0
development_2023_2025,20,Normal,har_ridge,4813,172,0.15636045584049635,0.07944296772413015,0.10183954874000122,0.2832874212020725,0.0
development_2023_2025,20,Normal,lgb_full,4813,172,0.1546301434080217,0.07319107806866458,0.09719415612618619,0.26380957849313713,0.0
development_2023_2025,20,Normal,gamma,4813,172,0.1642721098145108,0.07878180680217461,0.10308964844847802,0.27015199270832335,0.0
development_2023_2025,20,Normal,gamma_id,4813,172,0.1549778860074875,0.07783540660652252,0.10114982785240646,0.2698509217099294,0.0
development_2023_2025,20,Normal,gamma_recent,4813,172,0.1679529860461639,0.08149878850260538,0.10740619347319741,0.28121561154708846,0.0
development_2023_2025,20,Normal,historical,4813,172,0.27488296792056766,0.10616611669484959,0.13535874371403353,0.4073349880427653,0.0
development_2023_2025,20,Normal,ewma94,4813,172,0.38656576575744156,0.09529339752326978,0.13616708101375394,0.34137598388556956,0.0
development_2023_2025,20,Normal,garch,4813,172,0.35624742263883846,0.1041422457726984,0.14123380483167747,0.2794754730450773,0.12092250155827966
development_2023_2025,20,Normal,gjr_garch,4813,172,0.36563401597610606,0.10708157450414033,0.14404259481192874,0.2860373771589897,0.11676708913359651
development_2023_2025,20,Normal,egarch,4813,172,0.3825273690436749,0.11556735384518847,0.1501789747882083,0.2982352992544713,0.11676708913359651
development_2023_2025,20,Normal,ensemble_equal,4813,172,0.1456914419813407,0.07442695810425942,0.09646198271834014,0.2597319564142234,0.0
development_2023_2025,20,Normal,ensemble_adaptive,4813,172,0.14558868233939226,0.0738860086033374,0.09616326046674203,0.2583279994424744,0.0
development_2023_2025,20,Normal,ensemble_stack,4813,172,0.15166604314952672,0.07414832528087024,0.09856501841202173,0.25586159418902776,0.0
development_2023_2025,20,High,lgb_v8,7786,295,0.14571469093473968,0.0775310056294741,0.10247352436321312,0.20014644946970564,0.0
development_2023_2025,20,High,har_v8,7786,295,0.15569822483093687,0.08345798715684989,0.10852399779415525,0.23548106070428101,0.0
development_2023_2025,20,High,har_ridge,7786,295,0.16577958791389708,0.09543174989885801,0.11977026295322733,0.24866314281273955,0.0
development_2023_2025,20,High,lgb_full,7786,295,0.1405866512978613,0.08033241804390098,0.10474253061567669,0.2073919273212858,0.0
development_2023_2025,20,High,gamma,7786,295,0.152243425608,0.0926100599773786,0.11772045582068356,0.2152594269654443,0.0
development_2023_2025,20,High,gamma_id,7786,295,0.15486588637666454,0.09494520262106225,0.12041566581743349,0.22388301093242557,0.0
development_2023_2025,20,High,gamma_recent,7786,295,0.15835005321685897,0.09277803617244312,0.11575285642009311,0.22431403016139678,0.0
development_2023_2025,20,High,historical,7786,295,0.25292350011368764,0.1099173970538199,0.14387508795564669,0.3115014232269394,0.0
development_2023_2025,20,High,ewma94,7786,295,0.20293678451076605,0.10438750660967573,0.13171449043807118,0.23600365720883362,0.0
development_2023_2025,20,High,garch,7786,295,0.20415426407071427,0.1062666521590128,0.132075304013038,0.23643617177160345,0.11109684048291806
development_2023_2025,20,High,gjr_garch,7786,295,0.21433162626011865,0.11023282722258147,0.13659523354657543,0.24614421697474004,0.1010788594913948
development_2023_2025,20,High,egarch,7786,295,0.2238282160507081,0.11444582940709569,0.13917984590769378,0.25255008321731187,0.1010788594913948
development_2023_2025,20,High,ensemble_equal,7786,295,0.13753682092134065,0.08217375022536247,0.1032331451328844,0.20872307628919046,0.0
development_2023_2025,20,High,ensemble_adaptive,7786,295,0.1447887557395795,0.08615687028006304,0.10798043434817167,0.21652297988125555,0.0
development_2023_2025,20,High,ensemble_stack,7786,295,0.14682666241656203,0.08644772362903697,0.10908142849144968,0.21452999819218097,0.0
chronological_2026,5,All,lgb_v8,5100,170,0.23272357613112596,0.08790941951550256,0.12317473418520235,0.4612565968931702,0.0
chronological_2026,5,All,har_v8,5100,170,0.273876173749079,0.09323543417604413,0.13185255295959672,0.49088158233422396,0.0
chronological_2026,5,All,har_ridge,5100,170,0.23304572383942002,0.10298885449619859,0.13254639426889953,0.46566999279603233,0.0
chronological_2026,5,All,lgb_full,5100,170,0.22621163184333623,0.0873852729508743,0.12193921681416575,0.4570979454743573,0.0
chronological_2026,5,All,gamma,5100,170,0.19956817075912625,0.09652884669995301,0.12316972667893107,0.43900174670633985,0.0
chronological_2026,5,All,gamma_id,5100,170,0.19915979935376582,0.09472744636853093,0.1218963641276331,0.4393811507925322,0.0
chronological_2026,5,All,gamma_recent,5100,170,0.20481131858946056,0.09697636525083955,0.12448742288385493,0.4420250905209416,0.0
chronological_2026,5,All,historical,5100,170,0.30472113777369747,0.111310465850057,0.14537478743739582,0.5349732765164793,0.0
chronological_2026,5,All,ewma94,5100,170,0.2747142480618195,0.10024845747365112,0.13470321937871158,0.49996728174908606,0.0
chronological_2026,5,All,garch,5100,170,0.24121272279598818,0.10146282768775505,0.13208469163388314,0.480881373437505,0.38235294117647056
chronological_2026,5,All,gjr_garch,5100,170,0.2352961265209054,0.10092961745695105,0.13087677304796533,0.4711417647902363,0.38235294117647056
chronological_2026,5,All,egarch,5100,170,0.23590153931890834,0.10266757640340066,0.13185692163017845,0.4707890803024457,0.39215686274509803
chronological_2026,5,All,ensemble_equal,5100,170,0.20384190837910482,0.08991077540444545,0.12003476381402077,0.43668807913747815,0.0
chronological_2026,5,All,ensemble_adaptive,5100,170,0.2036730699195435,0.09084971436595406,0.12042570033622393,0.4374303706791738,0.0
chronological_2026,5,All,ensemble_stack,5100,170,0.2099764140831602,0.09415055361020441,0.12295682615332307,0.44444785495607886,0.0
chronological_2026,5,Low,lgb_v8,270,9,0.18712458014880803,0.06315173642214679,0.08624870200106129,0.325923655258732,0.0
chronological_2026,5,Low,har_v8,270,9,0.15805270623637618,0.06384035690847904,0.08316405813694067,0.3172310506497825,0.0
chronological_2026,5,Low,har_ridge,270,9,0.16242655336017583,0.07741160920560335,0.09277305650477463,0.3226933745125281,0.0
chronological_2026,5,Low,lgb_full,270,9,0.18080492870043025,0.06313348623040882,0.08519452345052897,0.33186580368182794,0.0
chronological_2026,5,Low,gamma,270,9,0.1561971438183078,0.06894773957451567,0.08609289520632725,0.3059416469292144,0.0
chronological_2026,5,Low,gamma_id,270,9,0.1494818616984931,0.06697057174957509,0.08478556587030653,0.3075401460122178,0.0
chronological_2026,5,Low,gamma_recent,270,9,0.16321478772492604,0.06953761517203992,0.08760435211886881,0.3032820645349638,0.0
chronological_2026,5,Low,historical,270,9,0.23495835822991532,0.08340279635976286,0.10354450406187059,0.3804245156097877,0.0
chronological_2026,5,Low,ewma94,270,9,0.25354844130489795,0.08270984771786813,0.10410494189505361,0.38461917930007333,0.0
chronological_2026,5,Low,garch,270,9,0.20478925564620354,0.0821651940821887,0.10156680789978625,0.35980389073704816,0.34444444444444444
chronological_2026,5,Low,gjr_garch,270,9,0.20455615067263927,0.08330615933169956,0.1024898378574519,0.366987320643942,0.34444444444444444
chronological_2026,5,Low,egarch,270,9,0.2081804508906103,0.08499793114324146,0.10422814081713844,0.38189222179286986,0.362962962962963
chronological_2026,5,Low,ensemble_equal,270,9,0.15342958657988717,0.06542161026750504,0.08297210386510272,0.3031292764486984,0.0
chronological_2026,5,Low,ensemble_adaptive,270,9,0.15427660899132598,0.06620159708139231,0.08356095972756228,0.3031837851793081,0.0
chronological_2026,5,Low,ensemble_stack,270,9,0.15930233760476242,0.0695611489732187,0.08653496879631976,0.30587073590309405,0.0
chronological_2026,5,Normal,lgb_v8,1590,53,0.21927127795307197,0.07890437053010803,0.1082523936272604,0.44354816850405443,0.0
chronological_2026,5,Normal,har_v8,1590,53,0.255663803476851,0.08278651731331202,0.11601124568032192,0.46750376308147157,0.0
chronological_2026,5,Normal,har_ridge,1590,53,0.2268165333504951,0.09528288105863444,0.11863253649884951,0.46631214815461663,0.0
chronological_2026,5,Normal,lgb_full,1590,53,0.21929055576116532,0.0779321428408238,0.10806002818715865,0.44260171132759807,0.0
chronological_2026,5,Normal,gamma,1590,53,0.20812140948409136,0.09066546223858611,0.11304470923537688,0.4419633126380059,0.0
chronological_2026,5,Normal,gamma_id,1590,53,0.2086238562719931,0.08999095482991788,0.11287978418946762,0.442909172536429,0.0
chronological_2026,5,Normal,gamma_recent,1590,53,0.21257852324918855,0.08923268675481819,0.11383894968361465,0.4466266334087976,0.0
chronological_2026,5,Normal,historical,1590,53,0.3020309749276142,0.09708330331218205,0.1286567325109865,0.5452465911893487,0.0
chronological_2026,5,Normal,ewma94,1590,53,0.29918985403525017,0.09485455003724129,0.12691903640210722,0.5111119342440388,0.0
chronological_2026,5,Normal,garch,1590,53,0.23868000280140086,0.09683598417384844,0.12063294676891718,0.4703986015485672,0.37924528301886795
chronological_2026,5,Normal,gjr_garch,1590,53,0.2373080454947373,0.0973473772783111,0.12036141984713068,0.4650391943203381,0.37924528301886795
chronological_2026,5,Normal,egarch,1590,53,0.24697475201396793,0.10089925698020501,0.12353440589833865,0.4715275360042135,0.38742138364779877
chronological_2026,5,Normal,ensemble_equal,1590,53,0.20533988574254172,0.08337540587428119,0.10872813399777231,0.4355222136999113,0.0
chronological_2026,5,Normal,ensemble_adaptive,1590,53,0.2045009124966655,0.08429032925911462,0.10896408725921083,0.4363115225488633,0.0
chronological_2026,5,Normal,ensemble_stack,1590,53,0.2050447420930867,0.08791723344174715,0.11065072485537358,0.44202037309561987,0.0
chronological_2026,5,High,lgb_v8,3240,108,0.24312508323554935,0.09439170418278137,0.13232984351050953,0.48122458929440237,0.0
chronological_2026,5,High,har_v8,3240,108,0.29246568145317536,0.10081273314949679,0.14207176212424835,0.5168249083115929,0.0
chronological_2026,5,High,har_ridge,3240,108,0.24198757226744047,0.10890192671662688,0.1415289001913265,0.4772695791899821,0.0
chronological_2026,5,High,lgb_full,3240,108,0.23339197777519935,0.09404529125010454,0.13065210329958163,0.4746478499735333,0.0
chronological_2026,5,High,gamma,3240,108,0.19898500029657273,0.10170467392755841,0.1303496847628166,0.4486367272953753,0.0
chronological_2026,5,High,gamma_id,3240,108,0.19865522918924186,0.09936490861961514,0.1285952543366004,0.4486365571869425,0.0
chronological_2026,5,High,gamma_recent,3240,108,0.2044660123933053,0.10306306627860184,0.1318878659626869,0.4513288447877696,0.0
chronological_2026,5,High,historical,3240,108,0.3118548752434793,0.12061795325672381,0.15572329196857979,0.5428108058729437,0.0
chronological_2026,5,High,ewma94,3240,108,0.2644668882860831,0.10435701841746378,0.14054638014824627,0.5041104885991657,0.0
chronological_2026,5,High,garch,3240,108,0.24549092061136962,0.1053415444348583,0.1395020083432498,0.49611548690433654,0.387037037037037
chronological_2026,5,High,gjr_garch,3240,108,0.23687046056739897,0.10415619016616569,0.1377579186292271,0.48281608175524776,0.387037037037037
chronological_2026,5,High,egarch,3240,108,0.2327775534209131,0.10500783322535255,0.1377420715774824,0.4778347615468206,0.3969135802469136
chronological_2026,5,High,ensemble_equal,3240,108,0.2073078166747604,0.09515871125010442,0.1276897085887169,0.4483901170299787,0.0
chronological_2026,5,High,ensemble_adaptive,3240,108,0.20738318558404806,0.0961226816458017,0.12813763371448147,0.44916665049774096,0.0
chronological_2026,5,High,ensemble_stack,3240,108,0.2166194261551924,0.09925861482002944,0.13101527281988667,0.45718721245683075,0.0
chronological_2026,20,All,lgb_v8,4650,155,0.16426781241313135,0.07634700775915264,0.10025446514468647,0.22172824148550302,0.0
chronological_2026,20,All,har_v8,4650,155,0.1834419941195835,0.08520737766793435,0.10774157630235005,0.2459937013574035,0.0
chronological_2026,20,All,har_ridge,4650,155,0.16007766610312385,0.09136189247175833,0.1089614639496779,0.23320224562735298,0.0
chronological_2026,20,All,lgb_full,4650,155,0.16563454699666263,0.07998843530123693,0.10404127413247304,0.22583553229298242,0.0
chronological_2026,20,All,gamma,4650,155,0.1518562291843275,0.0864139306667496,0.10479332021363669,0.22025365586714019,0.0
chronological_2026,20,All,gamma_id,4650,155,0.1527877873022105,0.08501932075533253,0.10386338831817388,0.22223498495488858,0.0
chronological_2026,20,All,gamma_recent,4650,155,0.15731720733901922,0.0866334768211271,0.10590296123865499,0.22400032190787575,0.0
chronological_2026,20,All,historical,4650,155,0.22729208707394757,0.0955139852634555,0.11781983161878189,0.3065096801718965,0.0
chronological_2026,20,All,ewma94,4650,155,0.2483402356251377,0.09140693830031832,0.11765315839173113,0.2877810375747755,0.0
chronological_2026,20,All,garch,4650,155,0.18389411628114186,0.08949361600062292,0.11019128207932995,0.24155483449262863,0.3903225806451613
chronological_2026,20,All,gjr_garch,4650,155,0.181813520038695,0.08970773055599902,0.11015323986939167,0.23917150671060558,0.3903225806451613
chronological_2026,20,All,egarch,4650,155,0.18523526397046172,0.092845245394154,0.11228811813135545,0.24608918623705825,0.3978494623655914
chronological_2026,20,All,ensemble_equal,4650,155,0.14610844141783222,0.08043844728678626,0.0993081751074807,0.21222369632376853,0.0
chronological_2026,20,All,ensemble_adaptive,4650,155,0.14586876368900367,0.08100268327530948,0.09952051880702514,0.2125905395513354,0.0
chronological_2026,20,All,ensemble_stack,4650,155,0.14904586931073957,0.08373119318959611,0.10119844602556144,0.2181536836641107,0.0
chronological_2026,20,Low,lgb_v8,270,9,0.37254873138965433,0.10636626113373981,0.13559009350149384,0.49350995263012254,0.0
chronological_2026,20,Low,har_v8,270,9,0.2850055585140028,0.10358341389498027,0.12507653690437287,0.4137143162082295,0.0
chronological_2026,20,Low,har_ridge,270,9,0.228161752192538,0.10149624747440354,0.11851595589103373,0.347202966234534,0.0
chronological_2026,20,Low,lgb_full,270,9,0.3325781178685986,0.10454198011231695,0.1303986210346771,0.461207837413085,0.0
chronological_2026,20,Low,gamma,270,9,0.2574706946093926,0.1050304088766441,0.12642290001792356,0.3682334712544627,0.0
chronological_2026,20,Low,gamma_id,270,9,0.26240969245130286,0.10454133776698361,0.12376920605161655,0.38527103262728446,0.0
chronological_2026,20,Low,gamma_recent,270,9,0.2878608020024501,0.10909117035286404,0.12909117455830707,0.4098166689104349,0.0
chronological_2026,20,Low,historical,270,9,0.46802559438688546,0.11669269570856111,0.14139659460720272,0.6260687021467064,0.0
chronological_2026,20,Low,ewma94,270,9,0.6505996497265881,0.12485979872431864,0.16146500173364506,0.7242320874364139,0.0
chronological_2026,20,Low,garch,270,9,0.31840794566892716,0.10547698678669101,0.12957409189250205,0.4195928971303568,0.34444444444444444
chronological_2026,20,Low,gjr_garch,270,9,0.3074746781045523,0.10428445267869921,0.12854424091829614,0.41187629719456614,0.34444444444444444
chronological_2026,20,Low,egarch,270,9,0.30135778481441755,0.10451038984123139,0.12797603942800037,0.4035954792765704,0.362962962962963
chronological_2026,20,Low,ensemble_equal,270,9,0.2717304066067126,0.10287153161859819,0.12409908105928016,0.3919987874521595,0.0
chronological_2026,20,Low,ensemble_adaptive,270,9,0.2706885739662623,0.10338320283550417,0.12424116436161227,0.39058384847382427,0.0
chronological_2026,20,Low,ensemble_stack,270,9,0.266923487734631,0.10671074171613386,0.12571275505872304,0.3862282465501408,0.0
chronological_2026,20,Normal,lgb_v8,1470,49,0.18473411464368958,0.07539776455752828,0.10143126305364761,0.23277132762040423,0.0
chronological_2026,20,Normal,har_v8,1470,49,0.19908026846582416,0.08170140204770673,0.10512585231331581,0.2520636332753693,0.0
chronological_2026,20,Normal,har_ridge,1470,49,0.15608248634844907,0.08139139047751091,0.0981099054437996,0.22515116122792617,0.0
chronological_2026,20,Normal,lgb_full,1470,49,0.1928621620240143,0.0771626007709605,0.10317475311465289,0.23980160853932778,0.0
chronological_2026,20,Normal,gamma,1470,49,0.17130401438492618,0.08527064838379353,0.10386737077709314,0.23302073837153184,0.0
chronological_2026,20,Normal,gamma_id,1470,49,0.17063069603081849,0.08291566047970776,0.10125930831451373,0.23459288048627575,0.0
chronological_2026,20,Normal,gamma_recent,1470,49,0.17390342060945957,0.08793689259822554,0.10651346941886944,0.24076893428906543,0.0
chronological_2026,20,Normal,historical,1470,49,0.2493256843191988,0.0882320151187943,0.10872606964535035,0.32421287506175356,0.0
chronological_2026,20,Normal,ewma94,1470,49,0.32484984717495735,0.09452205157698422,0.12316741647865068,0.33785183721438916,0.0
chronological_2026,20,Normal,garch,1470,49,0.20780526290398935,0.08937458864679056,0.10955337143733719,0.26054459815008524,0.38571428571428573
chronological_2026,20,Normal,gjr_garch,1470,49,0.20667034793230035,0.08979162638322213,0.1096856687131031,0.2613384785555641,0.38571428571428573
chronological_2026,20,Normal,egarch,1470,49,0.2118716773228739,0.09354634722184123,0.11226604598787465,0.2696397488764293,0.39183673469387753
chronological_2026,20,Normal,ensemble_equal,1470,49,0.15915819409656645,0.07804370196928706,0.09728008568134582,0.2190786520443643,0.0
chronological_2026,20,Normal,ensemble_adaptive,1470,49,0.15885526138081843,0.07874600376147456,0.09748696314606965,0.21980130342445045,0.0
chronological_2026,20,Normal,ensemble_stack,1470,49,0.1684378336381597,0.08453389006412688,0.1018263238495725,0.23287059776279026,0.0
chronological_2026,20,High,lgb_v8,2910,97,0.13460413117513073,0.07404123081593932,0.09569655865977257,0.1909329154967222,0.0
chronological_2026,20,High,har_v8,2910,97,0.16611882378437148,0.08527344446533373,0.10730822110762629,0.22736574055701417,0.0
chronological_2026,20,High,har_ridge,2910,97,0.15577876953791087,0.09545823682943169,0.11316381188478272,0.226691901814026,0.0
chronological_2026,20,High,lgb_full,2910,97,0.13639078128338786,0.0791377547722042,0.10169543596074626,0.1969418366006953,0.0
chronological_2026,20,High,gamma,2910,97,0.1322328099713902,0.08526416291392279,0.10303018986450364,0.2000742189475413,0.0
chronological_2026,20,High,gamma_id,2910,97,0.13360325458011127,0.08427067333678359,0.10313589555354327,0.2008652807271614,0.0
chronological_2026,20,High,gamma_recent,2910,97,0.1368263124707465,0.0838913467709884,0.10317141898785363,0.19828888758105798,0.0
chronological_2026,20,High,historical,2910,97,0.1938256145911254,0.09722747127461477,0.11981303934471348,0.2679170229824503,0.0
chronological_2026,20,High,ewma94,2910,97,0.17236801198746537,0.08672945072946642,0.10971247556833989,0.22199208261502482,0.0
chronological_2026,20,High,garch,2910,97,0.1593346250542388,0.08807075005488245,0.10854369940902234,0.21544307178175306,0.39690721649484534
chronological_2026,20,High,gjr_garch,2910,97,0.15759769540591792,0.08831287081746052,0.10852811751860611,0.21194960222855802,0.39690721649484534
chronological_2026,20,High,egarch,2910,97,0.16100550168320607,0.09140874756342851,0.11073121256832812,0.21957852431247285,0.4041237113402062
chronological_2026,20,High,ensemble_equal,2910,97,0.12786065205744146,0.07956674379782906,0.09772225732696103,0.1920807205457818,0.0
chronological_2026,20,High,ensemble_adaptive,2910,97,0.12772735462308357,0.08006611234887809,0.09794629416138116,0.19243314563293296,0.0
chronological_2026,20,High,ensemble_stack,2910,97,0.12831282995137241,0.08119358408041209,0.09828843346392897,0.19512481916091926,0.0
