period,horizon,regime,method,n,coverage,nominal,coverage_gap,mean_width,lower_miss_penalty,upper_miss_penalty,interval_score,block_ci_lower,block_ci_upper,n_distinct_dates,n_contiguous_segments,block_sessions,supported_block_units,inference_status,inference_ready,bootstrap_valid_reps,bootstrap_method,n_nonfinite_bounds,upper90_coverage
development_2023_2025,5,All,rolling,20759,0.8980201358446939,0.9,0.0019798641553061547,0.40793256468282824,0.04073187880129059,0.11973484916338825,0.5683992926475071,0.8798999049713409,0.9145415380240535,747,1,5,149.4,eligible_exploratory,True,1000,segmented_circular_date_blocks,0,0.897249385808565
development_2023_2025,5,Low,rolling,7992,0.9035285285285285,0.9,0.003528528528528474,0.3440753195657789,0.04518137919343189,0.1511908911212423,0.5404475898804532,0.8733827254636501,0.9272430670406623,280,13,5,53.0,eligible_exploratory,True,1000,segmented_circular_date_blocks,0,0.8891391391391391
development_2023_2025,5,Normal,rolling,4881,0.8789182544560541,0.9,0.02108174554394593,0.40141520882658316,0.03645937909472514,0.08754056930901757,0.525415157230326,0.8447027673755436,0.9080974089413261,172,22,5,29.999999999999996,eligible_exploratory,True,1000,segmented_circular_date_blocks,0,0.8744109813562795
development_2023_2025,5,High,rolling,7886,0.9042607151914785,0.9,0.004260715191478526,0.4766820342377092,0.03886701244746771,0.1077824769394489,0.6233315236246258,0.8784960326117445,0.9285621280128827,295,11,5,58.0,eligible_exploratory,True,1000,segmented_circular_date_blocks,0,0.9196043621607912
development_2023_2025,5,All,asymmetric,20759,0.8897345729563081,0.9,0.010265427043691933,0.3832894341583249,0.03322887686140716,0.17766073473348665,0.5941790457532187,0.8686217996325044,0.9070781090463765,747,1,5,149.4,eligible_exploratory,True,1000,segmented_circular_date_blocks,0,0.897249385808565
development_2023_2025,5,Low,asymmetric,7992,0.8963963963963963,0.9,0.003603603603603678,0.29998560822459047,0.034466101499851895,0.21576282361591853,0.5502145333403607,0.8619477182560645,0.9198383454224575,280,13,5,53.0,eligible_exploratory,True,1000,segmented_circular_date_blocks,0,0.8891391391391391
development_2023_2025,5,Normal,asymmetric,4881,0.8592501536570375,0.9,0.040749846342962526,0.38663851652659914,0.029297515043157432,0.162935202461069,0.5788712340308255,0.8135418582126914,0.8933114392009441,172,22,5,29.999999999999996,eligible_exploratory,True,1000,segmented_circular_date_blocks,0,0.8744109813562795
development_2023_2025,5,High,asymmetric,7886,0.9018513821962972,0.9,0.0018513821962972132,0.46564009429310294,0.03440831862204963,0.1481607890922586,0.6482092020074113,0.8735836804655547,0.9268083877566341,295,11,5,58.0,eligible_exploratory,True,1000,segmented_circular_date_blocks,0,0.9196043621607912
development_2023_2025,5,All,cqr,20759,0.9013921672527578,0.9,0.0013921672527578144,0.36703116111217254,0.021505080695740506,0.14895078163444897,0.5374870234423622,0.8838700413863523,0.9167106538799676,747,1,5,149.4,eligible_exploratory,True,1000,segmented_circular_date_blocks,0,0.897249385808565
development_2023_2025,5,Low,cqr,7992,0.9045295295295295,0.9,0.004529529529529452,0.3040150303160987,0.0209870749776017,0.19866040631638543,0.5236625116100859,0.8716458537162255,0.92792650566305,280,13,5,53.0,eligible_exploratory,True,1000,segmented_circular_date_blocks,0,0.8891391391391391
development_2023_2025,5,Normal,cqr,4881,0.8811718910059414,0.9,0.018828108994058623,0.35842444660019473,0.020313876524291917,0.11875985191109943,0.4974981750355861,0.8450311084652379,0.9110145232775734,172,22,5,29.999999999999996,eligible_exploratory,True,1000,segmented_circular_date_blocks,0,0.8744109813562795
development_2023_2025,5,High,cqr,7886,0.9107278721785442,0.9,0.010727872178544207,0.4362214084942656,0.022767339034594925,0.11725950690982725,0.5762482544386878,0.8895542800932995,0.930842656442955,295,11,5,58.0,eligible_exploratory,True,1000,segmented_circular_date_blocks,0,0.9196043621607912
development_2023_2025,20,All,rolling,20504,0.8918259851736247,0.9,0.008174014826375364,0.381340061350206,0.03190175776405412,0.1451265488690321,0.5583683679832923,0.838502279179598,0.9358013020221939,747,1,20,37.35,eligible_exploratory,True,1000,segmented_circular_date_blocks,0,0.8843640265314086
development_2023_2025,20,Low,rolling,7905,0.8646426312460468,0.9,0.03535736875395323,0.30823106439775844,0.025453541157640362,0.32078072748615766,0.6544653330415565,0.7405897516492407,0.9386715504960518,280,13,20,12.35,eligible_exploratory,True,1000,segmented_circular_date_blocks,0,0.8431372549019608
development_2023_2025,20,Normal,rolling,4813,0.9075420735508,0.9,0.007542073550799944,0.3863321803273442,0.03923567560363833,0.03933576938850531,0.4649036253194877,,,172,22,20,2.55,insufficient_session_support,False,0,segmented_circular_date_blocks,0,0.8913359650945356
development_2023_2025,20,High,rolling,7786,0.9097097354225533,0.9,0.009709735422553267,0.4524805124511734,0.03391498736998554,0.03218341242816358,0.5185789122493225,0.8413665374884459,0.958565130781799,295,11,20,13.9,eligible_exploratory,True,1000,segmented_circular_date_blocks,0,0.9219111225276136
development_2023_2025,20,All,asymmetric,20504,0.865538431525556,0.9,0.03446156847444404,0.3762160023592899,0.03362812981923208,0.228288414687277,0.638132546865799,0.8129187565591818,0.9092139572543951,747,1,20,37.35,eligible_exploratory,True,1000,segmented_circular_date_blocks,0,0.8843640265314086
development_2023_2025,20,Low,asymmetric,7905,0.8512333965844402,0.9,0.04876660341555983,0.27705735257756225,0.019505720633396506,0.47929389342424494,0.7758569666352036,0.7254488968481425,0.9340122752430285,280,13,20,12.35,eligible_exploratory,True,1000,segmented_circular_date_blocks,0,0.8431372549019608
development_2023_2025,20,Normal,asymmetric,4813,0.8651568668190318,0.9,0.03484313318096821,0.38789425475535283,0.0362364267206173,0.08969577715416892,0.513826458630139,,,172,22,20,2.55,insufficient_session_support,False,0,segmented_circular_date_blocks,0,0.8913359650945356
development_2023_2025,20,High,asymmetric,7786,0.8802979707166709,0.9,0.019702029283329092,0.469671139495471,0.04635403678399746,0.059119143563608756,0.5751443198430772,0.8198061808402524,0.9299591797384421,295,11,20,13.9,eligible_exploratory,True,1000,segmented_circular_date_blocks,0,0.9219111225276136
development_2023_2025,20,All,cqr,20504,0.897288333983613,0.9,0.00271166601638706,0.36181304219318994,0.02585972289841448,0.15727170304163682,0.5449444681332412,0.8420148149774191,0.9415035396255426,747,1,20,37.35,eligible_exploratory,True,1000,segmented_circular_date_blocks,0,0.8843640265314086
development_2023_2025,20,Low,cqr,7905,0.8788108791903858,0.9,0.021189120809614215,0.2892643581094476,0.020253992063215227,0.3287136644595619,0.6382320146322248,0.7595190966742161,0.9552300921058335,280,13,20,12.35,eligible_exploratory,True,1000,segmented_circular_date_blocks,0,0.8431372549019608
development_2023_2025,20,Normal,cqr,4813,0.9119052565967172,0.9,0.01190525659671715,0.36101654896386837,0.024400787143006863,0.055813607654063076,0.4412309437609384,,,172,22,20,2.55,insufficient_session_support,False,0,segmented_circular_date_blocks,0,0.8913359650945356
development_2023_2025,20,High,cqr,7786,0.9070125866940663,0.9,0.007012586694066236,0.4359629098524127,0.032452987738258686,0.04592686719417912,0.5143427647848504,0.8478972658675975,0.9523197172426802,295,11,20,13.9,eligible_exploratory,True,1000,segmented_circular_date_blocks,0,0.9219111225276136
chronological_2026,5,All,rolling,5100,0.8956862745098039,0.9,0.004313725490196152,0.40308731732684105,0.024566267466669695,0.09134865678723252,0.5190022415807434,0.8542941176470589,0.9292205882352941,170,1,5,34.0,eligible_exploratory,True,1000,segmented_circular_date_blocks,0,0.9027450980392157
chronological_2026,5,Low,rolling,270,0.9444444444444444,0.9,0.0444444444444444,0.3316824380828322,0.002300438265215234,0.020117558848654286,0.3541004351967017,,,9,3,5,1.0,insufficient_session_support,False,0,segmented_circular_date_blocks,0,0.9037037037037037
chronological_2026,5,Normal,rolling,1590,0.8861635220125786,0.9,0.01383647798742138,0.3623359460253705,0.031982162154973806,0.03743314928082884,0.43175125746117315,0.8571428571428571,0.9142889317889318,53,7,5,9.2,eligible_exploratory,True,1000,segmented_circular_date_blocks,0,0.9106918238993711
chronological_2026,5,High,rolling,3240,0.8962962962962963,0.9,0.0037037037037037646,0.4290360820691932,0.022782471580863876,0.12374311770655286,0.5755616713566098,0.8323113351031469,0.9480515686274509,108,5,5,21.2,eligible_exploratory,True,1000,segmented_circular_date_blocks,0,0.8987654320987655
chronological_2026,5,All,asymmetric,5100,0.8870588235294118,0.9,0.012941176470588234,0.40933900635327936,0.027261525455085957,0.11040256420336797,0.5470030960117334,0.8415539215686274,0.926078431372549,170,1,5,34.0,eligible_exploratory,True,1000,segmented_circular_date_blocks,0,0.9027450980392157
chronological_2026,5,Low,asymmetric,270,0.9333333333333333,0.9,0.033333333333333326,0.33226121424581984,0.0049466337607504225,0.02346180237488884,0.36066965038145904,,,9,3,5,1.0,insufficient_session_support,False,0,segmented_circular_date_blocks,0,0.9037037037037037
chronological_2026,5,Normal,asymmetric,1590,0.8811320754716981,0.9,0.018867924528301883,0.36407464394625005,0.03516504331259868,0.04018305788563527,0.43942274514448404,0.8473548454469507,0.9150019841269842,53,7,5,9.2,eligible_exploratory,True,1000,segmented_circular_date_blocks,0,0.9106918238993711
chronological_2026,5,High,asymmetric,3240,0.8861111111111111,0.9,0.01388888888888895,0.4379752224323506,0.02524252155509378,0.15210720023388785,0.6153249442213322,0.8138330333033302,0.9442424159356725,108,5,5,21.2,eligible_exploratory,True,1000,segmented_circular_date_blocks,0,0.8987654320987655
chronological_2026,5,All,cqr,5100,0.9111764705882353,0.9,0.011176470588235232,0.3936455057734714,0.017023740959896505,0.09351561119881768,0.5041848579321856,0.8717499999999999,0.9441274509803921,170,1,5,34.0,eligible_exploratory,True,1000,segmented_circular_date_blocks,0,0.9027450980392157
chronological_2026,5,Low,cqr,270,0.9333333333333333,0.9,0.033333333333333326,0.3238853345060097,0.0002752496223292304,0.042087236382365306,0.36624782051070426,,,9,3,5,1.0,insufficient_session_support,False,0,segmented_circular_date_blocks,0,0.9037037037037037
chronological_2026,5,Normal,cqr,1590,0.9075471698113208,0.9,0.007547169811320753,0.3600147916634489,0.02236633293346096,0.058153168074143634,0.4405342926710535,0.8783194444444444,0.9355262092693786,53,7,5,9.2,eligible_exploratory,True,1000,segmented_circular_date_blocks,0,0.9106918238993711
chronological_2026,5,High,cqr,3240,0.9111111111111111,0.9,0.011111111111111072,0.4159628149330858,0.015797621028777884,0.11515510063359356,0.5469155365954572,0.8477641970890002,0.9589338292011019,108,5,5,21.2,eligible_exploratory,True,1000,segmented_circular_date_blocks,0,0.8987654320987655
chronological_2026,20,All,rolling,4650,0.8890322580645161,0.9,0.010967741935483888,0.34702157169190734,0.026902835503867156,0.029617915024767107,0.40354232222054154,0.838263440860215,0.9294677419354839,155,1,20,7.75,eligible_exploratory,True,1000,segmented_circular_date_blocks,0,0.9077419354838709
chronological_2026,20,Low,rolling,270,0.7592592592592593,0.9,0.14074074074074072,0.3028855076823626,0.05895299076020441,0.06950789619467608,0.43134639463724306,,,9,3,20,0.0,insufficient_session_support,False,0,segmented_circular_date_blocks,0,0.7148148148148148
chronological_2026,20,Normal,rolling,1470,0.8510204081632653,0.9,0.048979591836734726,0.31790862569800604,0.042246502422164434,0.029162295248506734,0.38931742336867725,,,49,6,20,1.0,insufficient_session_support,False,0,segmented_circular_date_blocks,0,0.8972789115646258
chronological_2026,20,High,rolling,2910,0.920274914089347,0.9,0.020274914089347007,0.36582321014332037,0.016178185232696006,0.026146941194948314,0.40814833657096466,,,97,4,20,4.75,insufficient_session_support,False,0,segmented_circular_date_blocks,0,0.9309278350515464
chronological_2026,20,All,asymmetric,4650,0.8774193548387097,0.9,0.022580645161290325,0.35330440469525065,0.037346824303812594,0.025524966278239514,0.4161761952773027,0.8176290322580645,0.9273225806451614,155,1,20,7.75,eligible_exploratory,True,1000,segmented_circular_date_blocks,0,0.9077419354838709
chronological_2026,20,Low,asymmetric,270,0.7148148148148148,0.9,0.18518518518518523,0.30764600222715055,0.08307846915243056,0.07467531193612068,0.46539978331570175,,,9,3,20,0.0,insufficient_session_support,False,0,segmented_circular_date_blocks,0,0.7148148148148148
chronological_2026,20,Normal,asymmetric,1470,0.8312925170068027,0.9,0.06870748299319729,0.3269060253623819,0.0602323239880885,0.02301058876389581,0.4101489381143662,,,49,6,20,1.0,insufficient_session_support,False,0,segmented_circular_date_blocks,0,0.8972789115646258
chronological_2026,20,High,asymmetric,2910,0.915807560137457,0.9,0.01580756013745699,0.37087601510270907,0.021542965662914852,0.02223477439454788,0.4146537551601718,,,97,4,20,4.75,insufficient_session_support,False,0,segmented_circular_date_blocks,0,0.9309278350515464
chronological_2026,20,All,cqr,4650,0.9058064516129032,0.9,0.005806451612903163,0.37033980174304426,0.011534329279913066,0.050643340721275874,0.4325174717442332,0.8546182795698924,0.9509731182795699,155,1,20,7.75,eligible_exploratory,True,1000,segmented_circular_date_blocks,0,0.9077419354838709
chronological_2026,20,Low,cqr,270,0.774074074074074,0.9,0.125925925925926,0.3398171335699484,0.02374200683317813,0.13434277538373518,0.49790191578686166,,,9,3,20,0.0,insufficient_session_support,False,0,segmented_circular_date_blocks,0,0.7148148148148148
chronological_2026,20,Normal,cqr,1470,0.8850340136054422,0.9,0.014965986394557818,0.36017945798808504,0.01690804180967032,0.05393817257664117,0.4310256723743966,,,49,6,20,1.0,insufficient_session_support,False,0,segmented_circular_date_blocks,0,0.8972789115646258
chronological_2026,20,High,cqr,2910,0.9285223367697595,0.9,0.02852233676975946,0.378304346666249,0.007687102352722435,0.04121301419679099,0.4272044632157624,,,97,4,20,4.75,insufficient_session_support,False,0,segmented_circular_date_blocks,0,0.9309278350515464
