period,horizon,score,K,n_request_rows,n_score_available,n_score_abstained,n_labeled_all_requests,n_labeled,n_labeled_score_abstained,n_events,n_events_all_known_requests,n_events_score_abstained,n_selected,n_selected_unknown_label,true_alerts,false_alerts,missed_events,true_nonalerts,precision,recall,event_prevalence,precision_lift,selected_capture_all_known_events,cost_FN5_FP1,cost_FN10_FP1,no_alert_cost_FN5_FP1,review_all_cost_FN5_FP1,metric_scope,abstention_policy,safe_skip_permitted
development_2023_2025,5,point_score,1,22410,20841,1569,22218,20759,1459,2274,2696,422,747,10,381,356,1893,18129,0.5169606512890095,0.16754617414248021,0.10954284888482105,4.719255127576318,0.14132047477744808,0.4730960065513753,0.9290428247988824,0.5477142444241052,0.890457151115179,labeled_requests_with_available_score,review_required_not_a_nonalert,False
development_2023_2025,5,point_score,2,22410,20841,1569,22218,20759,1459,2274,2696,422,1494,19,652,823,1622,17662,0.44203389830508477,0.28671943711521547,0.10954284888482105,4.035260200050684,0.24183976261127596,0.4303193795462209,0.8209933041090611,0.5477142444241052,0.890457151115179,labeled_requests_with_available_score,review_required_not_a_nonalert,False
development_2023_2025,5,point_score,5,22410,20841,1569,22218,20759,1459,2274,2696,422,3735,33,1215,2487,1059,15998,0.32820097244732577,0.5343007915567283,0.10954284888482105,2.996096740120508,0.45066765578635015,0.3748735488221976,0.629943638903608,0.5477142444241052,0.890457151115179,labeled_requests_with_available_score,review_required_not_a_nonalert,False
development_2023_2025,5,point_score,10,22410,20841,1569,22218,20759,1459,2274,2696,422,7470,50,1720,5700,554,12785,0.23180592991913745,0.7563764291996482,0.10954284888482105,2.1161210638484493,0.6379821958456974,0.40801580037574064,0.5414519003805578,0.5477142444241052,0.890457151115179,labeled_requests_with_available_score,review_required_not_a_nonalert,False
development_2023_2025,5,point_score,15,22410,20841,1569,22218,20759,1459,2274,2696,422,11205,68,2019,9118,255,9367,0.18128759989225104,0.8878627968337731,0.10954284888482105,1.6549469156390675,0.7488872403560831,0.5006503203429837,0.5620694638470061,0.5477142444241052,0.890457151115179,labeled_requests_with_available_score,review_required_not_a_nonalert,False
development_2023_2025,5,point_score,20,22410,20841,1569,22218,20759,1459,2274,2696,422,14933,72,2172,12689,102,5796,0.1461543637709441,0.9551451187335093,0.10954284888482105,1.3342209487779368,0.8056379821958457,0.635820607929091,0.6603882653306999,0.5477142444241052,0.890457151115179,labeled_requests_with_available_score,review_required_not_a_nonalert,False
development_2023_2025,5,risk_probability,1,22410,20841,1569,22218,20759,1459,2274,2696,422,747,15,375,357,1899,18128,0.5122950819672131,0.16490765171503957,0.10954284888482105,4.676663855126375,0.13909495548961423,0.47458933474637505,0.9319813093116239,0.5477142444241052,0.890457151115179,labeled_requests_with_available_score,review_required_not_a_nonalert,False
development_2023_2025,5,risk_probability,2,22410,20841,1569,22218,20759,1459,2274,2696,422,1494,23,644,827,1630,17658,0.43779741672331746,0.2832014072119613,0.10954284888482105,3.996586004291709,0.23887240356083086,0.43243894214557543,0.8250397417987378,0.5477142444241052,0.890457151115179,labeled_requests_with_available_score,review_required_not_a_nonalert,False
development_2023_2025,5,risk_probability,5,22410,20841,1569,22218,20759,1459,2274,2696,422,3735,38,1195,2502,1079,15983,0.3232350554503652,0.5255057167985928,0.10954284888482105,2.950763639443329,0.4432492581602374,0.3804133147068741,0.6403005925140903,0.5477142444241052,0.890457151115179,labeled_requests_with_available_score,review_required_not_a_nonalert,False
development_2023_2025,5,risk_probability,10,22410,20841,1569,22218,20759,1459,2274,2696,422,7470,47,1719,5704,555,12781,0.23157752930082176,0.7559366754617414,0.10954284888482105,2.1140360293560945,0.6376112759643917,0.40844934727106313,0.5421263066621707,0.5477142444241052,0.890457151115179,labeled_requests_with_available_score,review_required_not_a_nonalert,False
development_2023_2025,5,risk_probability,15,22410,20841,1569,22218,20759,1459,2274,2696,422,11205,67,2006,9132,268,9353,0.18010414796193214,0.882145998240985,0.10954284888482105,1.64414336303507,0.7440652818991098,0.5044558986463703,0.5690062141721662,0.5477142444241052,0.890457151115179,labeled_requests_with_available_score,review_required_not_a_nonalert,False
development_2023_2025,5,risk_probability,20,22410,20841,1569,22218,20759,1459,2274,2696,422,14933,77,2156,12700,118,5785,0.1451265481960151,0.9481090589270009,0.10954284888482105,1.3248381767814763,0.7997032640949555,0.6402042487595742,0.6686256563418277,0.5477142444241052,0.890457151115179,labeled_requests_with_available_score,review_required_not_a_nonalert,False
development_2023_2025,5,cqr_upper_score,1,22410,20841,1569,22218,20759,1459,2274,2696,422,747,9,364,374,1910,18111,0.4932249322493225,0.1600703605980651,0.10954284888482105,4.50257535996644,0.13501483679525222,0.47805770990895513,0.938099137723397,0.5477142444241052,0.890457151115179,labeled_requests_with_available_score,review_required_not_a_nonalert,False
development_2023_2025,5,cqr_upper_score,2,22410,20841,1569,22218,20759,1459,2274,2696,422,1494,20,670,804,1604,17681,0.45454545454545453,0.29463500439753737,0.10954284888482105,4.149476293275765,0.24851632047477745,0.4250686449250927,0.8114071005347079,0.5477142444241052,0.890457151115179,labeled_requests_with_available_score,review_required_not_a_nonalert,False
development_2023_2025,5,cqr_upper_score,5,22410,20841,1569,22218,20759,1459,2274,2696,422,3735,34,1200,2501,1074,15984,0.3242366927857336,0.5277044854881267,0.10954284888482105,2.9599074342739855,0.44510385756676557,0.3791608458981647,0.6378438267739294,0.5477142444241052,0.890457151115179,labeled_requests_with_available_score,review_required_not_a_nonalert,False
development_2023_2025,5,cqr_upper_score,10,22410,20841,1569,22218,20759,1459,2274,2696,422,7470,45,1704,5721,570,12764,0.2294949494949495,0.7493403693931399,0.10954284888482105,2.0950244751827864,0.6320474777448071,0.41288115997880437,0.5501710101642661,0.5477142444241052,0.890457151115179,labeled_requests_with_available_score,review_required_not_a_nonalert,False
development_2023_2025,5,cqr_upper_score,15,22410,20841,1569,22218,20759,1459,2274,2696,422,11205,62,1986,9157,288,9328,0.1782284842502019,0.8733509234828496,0.10954284888482105,1.627020714401909,0.7366468842729971,0.5104773833036274,0.579844886555229,0.5477142444241052,0.890457151115179,labeled_requests_with_available_score,review_required_not_a_nonalert,False
development_2023_2025,5,cqr_upper_score,20,22410,20841,1569,22218,20759,1459,2274,2696,422,14933,77,2140,12716,134,5769,0.1440495422724825,0.9410729991204925,0.10954284888482105,1.315006353577161,0.7937685459940653,0.6448287489763476,0.6771039067392456,0.5477142444241052,0.890457151115179,labeled_requests_with_available_score,review_required_not_a_nonalert,False
development_2023_2025,5,cqr_priority_score,1,22410,20841,1569,22218,20759,1459,2274,2696,422,747,9,374,364,1900,18121,0.5067750677506775,0.1644678979771328,0.10954284888482105,4.626272485240244,0.1387240356083086,0.47516739727347174,0.9328002312250109,0.5477142444241052,0.890457151115179,labeled_requests_with_available_score,review_required_not_a_nonalert,False
development_2023_2025,5,cqr_priority_score,2,22410,20841,1569,22218,20759,1459,2274,2696,422,1494,20,673,801,1601,17684,0.45658073270013566,0.2959542656112577,0.10954284888482105,4.168056037872522,0.24962908011869436,0.4242015511344477,0.809817428585192,0.5477142444241052,0.890457151115179,labeled_requests_with_available_score,review_required_not_a_nonalert,False
development_2023_2025,5,cqr_priority_score,5,22410,20841,1569,22218,20759,1459,2274,2696,422,3735,34,1219,2482,1055,16003,0.3293704404215077,0.5360598065083553,0.10954284888482105,3.006772635316657,0.4521513353115727,0.3736692518907462,0.6277759044269955,0.5477142444241052,0.890457151115179,labeled_requests_with_available_score,review_required_not_a_nonalert,False
development_2023_2025,5,cqr_priority_score,10,22410,20841,1569,22218,20759,1459,2274,2696,422,7470,49,1721,5700,553,12785,0.23190944616628487,0.7568161829375549,0.10954284888482105,2.117066047918165,0.6383531157270029,0.4077749409894504,0.5409701816079773,0.5477142444241052,0.890457151115179,labeled_requests_with_available_score,review_required_not_a_nonalert,False
development_2023_2025,5,cqr_priority_score,15,22410,20841,1569,22218,20759,1459,2274,2696,422,11205,63,2011,9131,263,9354,0.18048824268533478,0.8843447669305189,0.10954284888482105,1.6476497053231594,0.745919881305638,0.5032034298376608,0.5665494484320054,0.5477142444241052,0.890457151115179,labeled_requests_with_available_score,review_required_not_a_nonalert,False
development_2023_2025,5,cqr_priority_score,20,22410,20841,1569,22218,20759,1459,2274,2696,422,14933,75,2156,12702,118,5783,0.14510701305693902,0.9481090589270009,0.10954284888482105,1.3246598434692158,0.7997032640949555,0.6403005925140903,0.6687220000963437,0.5477142444241052,0.890457151115179,labeled_requests_with_available_score,review_required_not_a_nonalert,False
development_2023_2025,20,point_score,1,22410,20841,1569,21840,20504,1336,2612,3049,437,747,45,461,241,2151,17651,0.6566951566951567,0.17649310872894333,0.12738977760436987,5.155006697120021,0.15119711380780584,0.536285602809208,1.0608174014826375,0.6369488880218493,0.8726102223956301,labeled_requests_with_available_score,review_required_not_a_nonalert,False
development_2023_2025,20,point_score,2,22410,20841,1569,21840,20504,1336,2612,3049,437,1494,94,779,621,1833,17271,0.5564285714285714,0.29823889739663095,0.12738977760436987,4.367921680157515,0.25549360446047886,0.4772727272727273,0.9242586812329302,0.6369488880218493,0.8726102223956301,labeled_requests_with_available_score,review_required_not_a_nonalert,False
development_2023_2025,20,point_score,5,22410,20841,1569,21840,20504,1336,2612,3049,437,3735,145,1395,2195,1217,15697,0.38857938718662954,0.5340735068912711,0.12738977760436987,3.0503184360163296,0.45752705805182026,0.4038236441669918,0.7005950058525166,0.6369488880218493,0.8726102223956301,labeled_requests_with_available_score,review_required_not_a_nonalert,False
development_2023_2025,20,point_score,10,22410,20841,1569,21840,20504,1336,2612,3049,437,7470,174,1931,5365,681,12527,0.26466557017543857,0.7392802450229708,0.12738977760436987,2.077604460519599,0.6333224007871433,0.4277214202106906,0.5937865782286383,0.6369488880218493,0.8726102223956301,labeled_requests_with_available_score,review_required_not_a_nonalert,False
development_2023_2025,20,point_score,15,22410,20841,1569,21840,20504,1336,2612,3049,437,11205,233,2237,8735,375,9157,0.20388261028071455,0.8564318529862175,0.12738977760436987,1.6004628794777074,0.7336831748114135,0.5174600078033554,0.6089055793991416,0.6369488880218493,0.8726102223956301,labeled_requests_with_available_score,review_required_not_a_nonalert,False
development_2023_2025,20,point_score,20,22410,20841,1569,21840,20504,1336,2612,3049,437,14933,296,2432,12205,180,5687,0.16615426658468266,0.9310872894333844,0.12738977760436987,1.3042982703110007,0.7976385700229583,0.6391435817401483,0.6830374561061257,0.6369488880218493,0.8726102223956301,labeled_requests_with_available_score,review_required_not_a_nonalert,False
development_2023_2025,20,risk_probability,1,22410,20841,1569,21840,20504,1336,2612,3049,437,747,47,396,304,2216,17588,0.5657142857142857,0.15160796324655437,0.12738977760436987,4.440813826296216,0.1298786487372909,0.5552087397580959,1.0955911041747952,0.6369488880218493,0.8726102223956301,labeled_requests_with_available_score,review_required_not_a_nonalert,False
development_2023_2025,20,risk_probability,2,22410,20841,1569,21840,20504,1336,2612,3049,437,1494,55,774,665,1838,17227,0.5378735232800556,0.29632465543644715,0.12738977760436987,4.222265972945735,0.2538537225319777,0.4806379243074522,0.9288431525555989,0.6369488880218493,0.8726102223956301,labeled_requests_with_available_score,review_required_not_a_nonalert,False
development_2023_2025,20,risk_probability,5,22410,20841,1569,21840,20504,1336,2612,3049,437,3735,103,1375,2257,1237,15635,0.37857929515418504,0.526416539050536,0.12738977760436987,2.971818479265471,0.45096753033781567,0.41172454155286775,0.7133730003901678,0.6369488880218493,0.8726102223956301,labeled_requests_with_available_score,review_required_not_a_nonalert,False
development_2023_2025,20,risk_probability,10,22410,20841,1569,21840,20504,1336,2612,3049,437,7470,175,1924,5371,688,12521,0.26374228923920495,0.7366003062787136,0.12738977760436987,2.0703567758654895,0.6310265660872417,0.42972103004291845,0.5974931720639876,0.6369488880218493,0.8726102223956301,labeled_requests_with_available_score,review_required_not_a_nonalert,False
development_2023_2025,20,risk_probability,15,22410,20841,1569,21840,20504,1336,2612,3049,437,11205,233,2219,8753,393,9139,0.20224207072548306,0.849540581929556,0.12738977760436987,1.5875847695847263,0.7277795998688095,0.5227272727272727,0.6185622317596566,0.6369488880218493,0.8726102223956301,labeled_requests_with_available_score,review_required_not_a_nonalert,False
development_2023_2025,20,risk_probability,20,22410,20841,1569,21840,20504,1336,2612,3049,437,14933,274,2403,12256,209,5636,0.16392659799440618,0.9199846860643185,0.12738977760436987,1.2868112424491978,0.7881272548376517,0.6487026921576278,0.6996683573936793,0.6369488880218493,0.8726102223956301,labeled_requests_with_available_score,review_required_not_a_nonalert,False
development_2023_2025,20,cqr_upper_score,1,22410,20841,1569,21840,20504,1336,2612,3049,437,747,53,449,245,2163,17647,0.6469740634005764,0.1718989280245023,0.12738977760436987,5.078696859098552,0.1472613971794031,0.5394069449863441,1.0668650019508388,0.6369488880218493,0.8726102223956301,labeled_requests_with_available_score,review_required_not_a_nonalert,False
development_2023_2025,20,cqr_upper_score,2,22410,20841,1569,21840,20504,1336,2612,3049,437,1494,85,805,604,1807,17288,0.5713271823988645,0.30819295558958654,0.12738977760436987,4.4848746354924645,0.2640209904886848,0.47010339445961763,0.9107491221225127,0.6369488880218493,0.8726102223956301,labeled_requests_with_available_score,review_required_not_a_nonalert,False
development_2023_2025,20,cqr_upper_score,5,22410,20841,1569,21840,20504,1336,2612,3049,437,3735,146,1433,2156,1179,15736,0.39927556422401783,0.5486217457886677,0.12738977760436987,3.1342826067569916,0.469990160708429,0.39265509168942647,0.6801599687865783,0.6369488880218493,0.8726102223956301,labeled_requests_with_available_score,review_required_not_a_nonalert,False
development_2023_2025,20,cqr_upper_score,10,22410,20841,1569,21840,20504,1336,2612,3049,437,7470,197,1969,5304,643,12588,0.27072734772446033,0.7538284839203675,0.12738977760436987,2.1251889501310623,0.6457855034437521,0.4154799063597347,0.5722785797893094,0.6369488880218493,0.8726102223956301,labeled_requests_with_available_score,review_required_not_a_nonalert,False
development_2023_2025,20,cqr_upper_score,15,22410,20841,1569,21840,20504,1336,2612,3049,437,11205,253,2215,8737,397,9155,0.20224616508400292,0.8480091883614089,0.12738977760436987,1.5876169099856035,0.7264676943260086,0.5229223566133437,0.6197327350760827,0.6369488880218493,0.8726102223956301,labeled_requests_with_available_score,review_required_not_a_nonalert,False
development_2023_2025,20,cqr_upper_score,20,22410,20841,1569,21840,20504,1336,2612,3049,437,14933,299,2418,12216,194,5676,0.16523165231652318,0.9257274119448698,0.12738977760436987,1.2970558189502264,0.7930469006231551,0.6430940304330862,0.6904018728053063,0.6369488880218493,0.8726102223956301,labeled_requests_with_available_score,review_required_not_a_nonalert,False
development_2023_2025,20,cqr_priority_score,1,22410,20841,1569,21840,20504,1336,2612,3049,437,747,47,465,235,2147,17657,0.6642857142857143,0.17802450229709035,0.12738977760436987,5.214591992999344,0.15250901935060676,0.5350175575497463,1.0585739367928209,0.6369488880218493,0.8726102223956301,labeled_requests_with_available_score,review_required_not_a_nonalert,False
development_2023_2025,20,cqr_priority_score,2,22410,20841,1569,21840,20504,1336,2612,3049,437,1494,86,803,605,1809,17287,0.5703125,0.307427258805513,0.12738977760436987,4.476909456355283,0.26336503771728437,0.4706398751463129,0.9117733125243855,0.6369488880218493,0.8726102223956301,labeled_requests_with_available_score,review_required_not_a_nonalert,False
development_2023_2025,20,cqr_priority_score,5,22410,20841,1569,21840,20504,1336,2612,3049,437,3735,142,1433,2160,1179,15732,0.39883106039521293,0.5486217457886677,0.12738977760436987,3.1307932857363885,0.469990160708429,0.39285017557549745,0.6803550526726493,0.6369488880218493,0.8726102223956301,labeled_requests_with_available_score,review_required_not_a_nonalert,False
development_2023_2025,20,cqr_priority_score,10,22410,20841,1569,21840,20504,1336,2612,3049,437,7470,189,1968,5313,644,12579,0.2702925422332097,0.7534456355283308,0.12738977760436987,2.1217757603176617,0.6454575270580518,0.4161626999609832,0.5732052282481467,0.6369488880218493,0.8726102223956301,labeled_requests_with_available_score,review_required_not_a_nonalert,False
development_2023_2025,20,cqr_priority_score,15,22410,20841,1569,21840,20504,1336,2612,3049,437,11205,246,2231,8728,381,9164,0.20357696870152386,0.8541347626339969,0.12738977760436987,1.598063616483938,0.7317153164972122,0.5185817401482637,0.6114904408895825,0.6369488880218493,0.8726102223956301,labeled_requests_with_available_score,review_required_not_a_nonalert,False
development_2023_2025,20,cqr_priority_score,20,22410,20841,1569,21840,20504,1336,2612,3049,437,14933,293,2431,12209,181,5683,0.166051912568306,0.9307044410413476,0.12738977760436987,1.303494799119658,0.7973105936372581,0.639582520483808,0.6837202497073742,0.6369488880218493,0.8726102223956301,labeled_requests_with_available_score,review_required_not_a_nonalert,False
chronological_2026,5,point_score,1,5250,5250,0,5100,5100,0,841,841,0,175,5,87,83,754,4176,0.5117647058823529,0.10344827586206896,0.16490196078431374,3.1034482758620685,0.10344827586206896,0.7554901960784314,1.494705882352941,0.8245098039215687,0.8350980392156863,labeled_requests_with_available_score,review_required_not_a_nonalert,False
chronological_2026,5,point_score,2,5250,5250,0,5100,5100,0,841,841,0,350,10,176,164,665,4095,0.5176470588235295,0.20927467300832342,0.16490196078431374,3.1391200951248512,0.20927467300832342,0.6841176470588235,1.3360784313725491,0.8245098039215687,0.8350980392156863,labeled_requests_with_available_score,review_required_not_a_nonalert,False
chronological_2026,5,point_score,5,5250,5250,0,5100,5100,0,841,841,0,875,25,386,464,455,3795,0.4541176470588235,0.4589774078478002,0.16490196078431374,2.753864447086801,0.4589774078478002,0.5370588235294118,0.9831372549019608,0.8245098039215687,0.8350980392156863,labeled_requests_with_available_score,review_required_not_a_nonalert,False
chronological_2026,5,point_score,10,5250,5250,0,5100,5100,0,841,841,0,1750,50,589,1111,252,3148,0.34647058823529414,0.7003567181926278,0.16490196078431374,2.1010701545778834,0.7003567181926278,0.46490196078431373,0.7119607843137254,0.8245098039215687,0.8350980392156863,labeled_requests_with_available_score,review_required_not_a_nonalert,False
chronological_2026,5,point_score,15,5250,5250,0,5100,5100,0,841,841,0,2625,75,709,1841,132,2418,0.2780392156862745,0.8430439952437574,0.16490196078431374,1.6860879904875146,0.8430439952437574,0.4903921568627451,0.6198039215686274,0.8245098039215687,0.8350980392156863,labeled_requests_with_available_score,review_required_not_a_nonalert,False
chronological_2026,5,point_score,20,5250,5250,0,5100,5100,0,841,841,0,3500,100,770,2630,71,1629,0.22647058823529412,0.915576694411415,0.16490196078431374,1.3733650416171224,0.915576694411415,0.5852941176470589,0.6549019607843137,0.8245098039215687,0.8350980392156863,labeled_requests_with_available_score,review_required_not_a_nonalert,False
chronological_2026,5,risk_probability,1,5250,5250,0,5100,5100,0,841,841,0,175,5,89,81,752,4178,0.5235294117647059,0.10582639714625446,0.16490196078431374,3.1747919143876335,0.10582639714625446,0.7531372549019608,1.4903921568627452,0.8245098039215687,0.8350980392156863,labeled_requests_with_available_score,review_required_not_a_nonalert,False
chronological_2026,5,risk_probability,2,5250,5250,0,5100,5100,0,841,841,0,350,10,182,158,659,4101,0.5352941176470588,0.2164090368608799,0.16490196078431374,3.246135552913198,0.2164090368608799,0.6770588235294117,1.3231372549019609,0.8245098039215687,0.8350980392156863,labeled_requests_with_available_score,review_required_not_a_nonalert,False
chronological_2026,5,risk_probability,5,5250,5250,0,5100,5100,0,841,841,0,875,25,382,468,459,3791,0.44941176470588234,0.45422116527942924,0.16490196078431374,2.7253269916765754,0.45422116527942924,0.5417647058823529,0.991764705882353,0.8245098039215687,0.8350980392156863,labeled_requests_with_available_score,review_required_not_a_nonalert,False
chronological_2026,5,risk_probability,10,5250,5250,0,5100,5100,0,841,841,0,1750,50,582,1118,259,3141,0.3423529411764706,0.6920332936979786,0.16490196078431374,2.0760998810939357,0.6920332936979786,0.4731372549019608,0.7270588235294118,0.8245098039215687,0.8350980392156863,labeled_requests_with_available_score,review_required_not_a_nonalert,False
chronological_2026,5,risk_probability,15,5250,5250,0,5100,5100,0,841,841,0,2625,75,713,1837,128,2422,0.2796078431372549,0.8478002378121284,0.16490196078431374,1.6956004756242566,0.8478002378121284,0.4856862745098039,0.6111764705882353,0.8245098039215687,0.8350980392156863,labeled_requests_with_available_score,review_required_not_a_nonalert,False
chronological_2026,5,risk_probability,20,5250,5250,0,5100,5100,0,841,841,0,3500,100,770,2630,71,1629,0.22647058823529412,0.915576694411415,0.16490196078431374,1.3733650416171224,0.915576694411415,0.5852941176470589,0.6549019607843137,0.8245098039215687,0.8350980392156863,labeled_requests_with_available_score,review_required_not_a_nonalert,False
chronological_2026,5,cqr_upper_score,1,5250,5250,0,5100,5100,0,841,841,0,175,5,87,83,754,4176,0.5117647058823529,0.10344827586206896,0.16490196078431374,3.1034482758620685,0.10344827586206896,0.7554901960784314,1.494705882352941,0.8245098039215687,0.8350980392156863,labeled_requests_with_available_score,review_required_not_a_nonalert,False
chronological_2026,5,cqr_upper_score,2,5250,5250,0,5100,5100,0,841,841,0,350,10,157,183,684,4076,0.46176470588235297,0.18668252080856124,0.16490196078431374,2.8002378121284184,0.18668252080856124,0.7064705882352941,1.3770588235294117,0.8245098039215687,0.8350980392156863,labeled_requests_with_available_score,review_required_not_a_nonalert,False
chronological_2026,5,cqr_upper_score,5,5250,5250,0,5100,5100,0,841,841,0,875,25,378,472,463,3787,0.4447058823529412,0.44946492271105826,0.16490196078431374,2.6967895362663494,0.44946492271105826,0.5464705882352942,1.0003921568627452,0.8245098039215687,0.8350980392156863,labeled_requests_with_available_score,review_required_not_a_nonalert,False
chronological_2026,5,cqr_upper_score,10,5250,5250,0,5100,5100,0,841,841,0,1750,50,576,1124,265,3135,0.3388235294117647,0.6848989298454221,0.16490196078431374,2.054696789536266,0.6848989298454221,0.4801960784313726,0.74,0.8245098039215687,0.8350980392156863,labeled_requests_with_available_score,review_required_not_a_nonalert,False
chronological_2026,5,cqr_upper_score,15,5250,5250,0,5100,5100,0,841,841,0,2625,75,701,1849,140,2410,0.2749019607843137,0.8335315101070154,0.16490196078431374,1.6670630202140309,0.8335315101070154,0.49980392156862746,0.6370588235294118,0.8245098039215687,0.8350980392156863,labeled_requests_with_available_score,review_required_not_a_nonalert,False
chronological_2026,5,cqr_upper_score,20,5250,5250,0,5100,5100,0,841,841,0,3500,100,766,2634,75,1625,0.2252941176470588,0.9108204518430439,0.16490196078431374,1.3662306777645659,0.9108204518430439,0.59,0.6635294117647059,0.8245098039215687,0.8350980392156863,labeled_requests_with_available_score,review_required_not_a_nonalert,False
chronological_2026,5,cqr_priority_score,1,5250,5250,0,5100,5100,0,841,841,0,175,5,87,83,754,4176,0.5117647058823529,0.10344827586206896,0.16490196078431374,3.1034482758620685,0.10344827586206896,0.7554901960784314,1.494705882352941,0.8245098039215687,0.8350980392156863,labeled_requests_with_available_score,review_required_not_a_nonalert,False
chronological_2026,5,cqr_priority_score,2,5250,5250,0,5100,5100,0,841,841,0,350,10,164,176,677,4083,0.4823529411764706,0.19500594530321047,0.16490196078431374,2.9250891795481566,0.19500594530321047,0.6982352941176471,1.3619607843137256,0.8245098039215687,0.8350980392156863,labeled_requests_with_available_score,review_required_not_a_nonalert,False
chronological_2026,5,cqr_priority_score,5,5250,5250,0,5100,5100,0,841,841,0,875,25,385,465,456,3794,0.45294117647058824,0.4577883472057075,0.16490196078431374,2.7467300832342447,0.4577883472057075,0.538235294117647,0.9852941176470589,0.8245098039215687,0.8350980392156863,labeled_requests_with_available_score,review_required_not_a_nonalert,False
chronological_2026,5,cqr_priority_score,10,5250,5250,0,5100,5100,0,841,841,0,1750,50,581,1119,260,3140,0.3417647058823529,0.6908442330558858,0.16490196078431374,2.0725326991676574,0.6908442330558858,0.47431372549019607,0.7292156862745098,0.8245098039215687,0.8350980392156863,labeled_requests_with_available_score,review_required_not_a_nonalert,False
chronological_2026,5,cqr_priority_score,15,5250,5250,0,5100,5100,0,841,841,0,2625,75,703,1847,138,2412,0.27568627450980393,0.835909631391201,0.16490196078431374,1.6718192627824018,0.835909631391201,0.49745098039215685,0.6327450980392156,0.8245098039215687,0.8350980392156863,labeled_requests_with_available_score,review_required_not_a_nonalert,False
chronological_2026,5,cqr_priority_score,20,5250,5250,0,5100,5100,0,841,841,0,3500,100,768,2632,73,1627,0.22588235294117648,0.9131985731272295,0.16490196078431374,1.3697978596908442,0.9131985731272295,0.5876470588235294,0.6592156862745098,0.8245098039215687,0.8350980392156863,labeled_requests_with_available_score,review_required_not_a_nonalert,False
chronological_2026,20,point_score,1,5250,5250,0,4650,4650,0,815,815,0,175,20,100,55,715,3780,0.6451612903225806,0.12269938650306748,0.17526881720430107,3.6809815950920246,0.12269938650306748,0.7806451612903226,1.549462365591398,0.8763440860215054,0.8247311827956989,labeled_requests_with_available_score,review_required_not_a_nonalert,False
chronological_2026,20,point_score,2,5250,5250,0,4650,4650,0,815,815,0,350,40,182,128,633,3707,0.5870967741935483,0.2233128834355828,0.17526881720430107,3.349693251533742,0.2233128834355828,0.7081720430107526,1.3888172043010754,0.8763440860215054,0.8247311827956989,labeled_requests_with_available_score,review_required_not_a_nonalert,False
chronological_2026,20,point_score,5,5250,5250,0,4650,4650,0,815,815,0,875,100,403,372,412,3463,0.52,0.49447852760736194,0.17526881720430107,2.966871165644172,0.49447852760736194,0.5230107526881721,0.9660215053763441,0.8763440860215054,0.8247311827956989,labeled_requests_with_available_score,review_required_not_a_nonalert,False
chronological_2026,20,point_score,10,5250,5250,0,4650,4650,0,815,815,0,1750,200,636,914,179,2921,0.4103225806451613,0.7803680981595092,0.17526881720430107,2.341104294478528,0.7803680981595092,0.38903225806451613,0.5815053763440861,0.8763440860215054,0.8247311827956989,labeled_requests_with_available_score,review_required_not_a_nonalert,False
chronological_2026,20,point_score,15,5250,5250,0,4650,4650,0,815,815,0,2625,300,757,1568,58,2267,0.32559139784946234,0.9288343558282208,0.17526881720430107,1.8576687116564417,0.9288343558282208,0.3995698924731183,0.4619354838709677,0.8763440860215054,0.8247311827956989,labeled_requests_with_available_score,review_required_not_a_nonalert,False
chronological_2026,20,point_score,20,5250,5250,0,4650,4650,0,815,815,0,3500,400,811,2289,4,1546,0.26161290322580644,0.9950920245398773,0.17526881720430107,1.492638036809816,0.9950920245398773,0.49655913978494626,0.5008602150537634,0.8763440860215054,0.8247311827956989,labeled_requests_with_available_score,review_required_not_a_nonalert,False
chronological_2026,20,risk_probability,1,5250,5250,0,4650,4650,0,815,815,0,175,20,111,44,704,3791,0.7161290322580646,0.1361963190184049,0.17526881720430107,4.085889570552148,0.1361963190184049,0.7664516129032258,1.5234408602150538,0.8763440860215054,0.8247311827956989,labeled_requests_with_available_score,review_required_not_a_nonalert,False
chronological_2026,20,risk_probability,2,5250,5250,0,4650,4650,0,815,815,0,350,40,207,103,608,3732,0.667741935483871,0.25398773006134967,0.17526881720430107,3.8098159509202456,0.25398773006134967,0.6759139784946236,1.3296774193548386,0.8763440860215054,0.8247311827956989,labeled_requests_with_available_score,review_required_not_a_nonalert,False
chronological_2026,20,risk_probability,5,5250,5250,0,4650,4650,0,815,815,0,875,100,426,349,389,3486,0.5496774193548387,0.5226993865030675,0.17526881720430107,3.136196319018405,0.5226993865030675,0.49333333333333335,0.9116129032258065,0.8763440860215054,0.8247311827956989,labeled_requests_with_available_score,review_required_not_a_nonalert,False
chronological_2026,20,risk_probability,10,5250,5250,0,4650,4650,0,815,815,0,1750,200,636,914,179,2921,0.4103225806451613,0.7803680981595092,0.17526881720430107,2.341104294478528,0.7803680981595092,0.38903225806451613,0.5815053763440861,0.8763440860215054,0.8247311827956989,labeled_requests_with_available_score,review_required_not_a_nonalert,False
chronological_2026,20,risk_probability,15,5250,5250,0,4650,4650,0,815,815,0,2625,300,764,1561,51,2274,0.3286021505376344,0.9374233128834356,0.17526881720430107,1.8748466257668712,0.9374233128834356,0.3905376344086022,0.4453763440860215,0.8763440860215054,0.8247311827956989,labeled_requests_with_available_score,review_required_not_a_nonalert,False
chronological_2026,20,risk_probability,20,5250,5250,0,4650,4650,0,815,815,0,3500,400,803,2297,12,1538,0.25903225806451613,0.9852760736196319,0.17526881720430107,1.477914110429448,0.9852760736196319,0.5068817204301075,0.5197849462365591,0.8763440860215054,0.8247311827956989,labeled_requests_with_available_score,review_required_not_a_nonalert,False
chronological_2026,20,cqr_upper_score,1,5250,5250,0,4650,4650,0,815,815,0,175,20,89,66,726,3769,0.5741935483870968,0.10920245398773006,0.17526881720430107,3.276073619631902,0.10920245398773006,0.7948387096774193,1.575483870967742,0.8763440860215054,0.8247311827956989,labeled_requests_with_available_score,review_required_not_a_nonalert,False
chronological_2026,20,cqr_upper_score,2,5250,5250,0,4650,4650,0,815,815,0,350,40,170,140,645,3695,0.5483870967741935,0.2085889570552147,0.17526881720430107,3.1288343558282206,0.2085889570552147,0.7236559139784946,1.4172043010752688,0.8763440860215054,0.8247311827956989,labeled_requests_with_available_score,review_required_not_a_nonalert,False
chronological_2026,20,cqr_upper_score,5,5250,5250,0,4650,4650,0,815,815,0,875,100,418,357,397,3478,0.5393548387096774,0.5128834355828221,0.17526881720430107,3.0773006134969325,0.5128834355828221,0.5036559139784946,0.9305376344086022,0.8763440860215054,0.8247311827956989,labeled_requests_with_available_score,review_required_not_a_nonalert,False
chronological_2026,20,cqr_upper_score,10,5250,5250,0,4650,4650,0,815,815,0,1750,200,639,911,176,2924,0.412258064516129,0.7840490797546013,0.17526881720430107,2.3521472392638034,0.7840490797546013,0.3851612903225806,0.5744086021505377,0.8763440860215054,0.8247311827956989,labeled_requests_with_available_score,review_required_not_a_nonalert,False
chronological_2026,20,cqr_upper_score,15,5250,5250,0,4650,4650,0,815,815,0,2625,300,759,1566,56,2269,0.32645161290322583,0.9312883435582822,0.17526881720430107,1.8625766871165645,0.9312883435582822,0.39698924731182794,0.4572043010752688,0.8763440860215054,0.8247311827956989,labeled_requests_with_available_score,review_required_not_a_nonalert,False
chronological_2026,20,cqr_upper_score,20,5250,5250,0,4650,4650,0,815,815,0,3500,400,808,2292,7,1543,0.26064516129032256,0.9914110429447853,0.17526881720430107,1.4871165644171778,0.9914110429447853,0.5004301075268818,0.5079569892473118,0.8763440860215054,0.8247311827956989,labeled_requests_with_available_score,review_required_not_a_nonalert,False
chronological_2026,20,cqr_priority_score,1,5250,5250,0,4650,4650,0,815,815,0,175,20,90,65,725,3770,0.5806451612903226,0.11042944785276074,0.17526881720430107,3.3128834355828225,0.11042944785276074,0.7935483870967742,1.5731182795698924,0.8763440860215054,0.8247311827956989,labeled_requests_with_available_score,review_required_not_a_nonalert,False
chronological_2026,20,cqr_priority_score,2,5250,5250,0,4650,4650,0,815,815,0,350,40,169,141,646,3694,0.5451612903225806,0.20736196319018405,0.17526881720430107,3.110429447852761,0.20736196319018405,0.7249462365591398,1.4195698924731184,0.8763440860215054,0.8247311827956989,labeled_requests_with_available_score,review_required_not_a_nonalert,False
chronological_2026,20,cqr_priority_score,5,5250,5250,0,4650,4650,0,815,815,0,875,100,419,356,396,3479,0.5406451612903226,0.5141104294478528,0.17526881720430107,3.0846625766871165,0.5141104294478528,0.5023655913978494,0.9281720430107527,0.8763440860215054,0.8247311827956989,labeled_requests_with_available_score,review_required_not_a_nonalert,False
chronological_2026,20,cqr_priority_score,10,5250,5250,0,4650,4650,0,815,815,0,1750,200,647,903,168,2932,0.4174193548387097,0.7938650306748466,0.17526881720430107,2.38159509202454,0.7938650306748466,0.37483870967741933,0.555483870967742,0.8763440860215054,0.8247311827956989,labeled_requests_with_available_score,review_required_not_a_nonalert,False
chronological_2026,20,cqr_priority_score,15,5250,5250,0,4650,4650,0,815,815,0,2625,300,762,1563,53,2272,0.327741935483871,0.9349693251533743,0.17526881720430107,1.8699386503067486,0.9349693251533743,0.3931182795698925,0.45010752688172045,0.8763440860215054,0.8247311827956989,labeled_requests_with_available_score,review_required_not_a_nonalert,False
chronological_2026,20,cqr_priority_score,20,5250,5250,0,4650,4650,0,815,815,0,3500,400,811,2289,4,1546,0.26161290322580644,0.9950920245398773,0.17526881720430107,1.492638036809816,0.9950920245398773,0.49655913978494626,0.5008602150537634,0.8763440860215054,0.8247311827956989,labeled_requests_with_available_score,review_required_not_a_nonalert,False
