horizon,universe_year,n_universe_names,expected_stock_days,n_point_forecasts,point_forecast_coverage,n_ready_intervals,interval_availability,n_labeled_forecasts,n_labeled_all_requests,n_labeled_abstentions,n_unknown_outcomes,n_missing_origin_price,n_feature_history_not_ready,n_dates
5,2021,30,7500,6923,0.9230666666666667,0,0.0,6903,7470,567,30,5,572,250
5,2022,30,7470,6730,0.9009370816599732,5840,0.7817938420348058,6700,7226,526,244,189,551,249
5,2023,30,7470,7042,0.9427041499330656,7042,0.9427041499330656,7022,7376,354,94,17,411,249
5,2024,30,7500,7316,0.9754666666666667,7316,0.9754666666666667,7304,7474,170,26,14,170,250
5,2025,30,7440,6483,0.8713709677419355,6483,0.8713709677419355,6433,7368,935,72,12,945,248
5,2026,30,5250,5250,1.0,5250,1.0,5100,5100,0,150,0,0,175
20,2021,30,7500,6923,0.9230666666666667,0,0.0,6843,7395,552,105,5,572,250
20,2022,30,7470,6730,0.9009370816599732,5418,0.7253012048192771,6619,7108,489,362,189,551,249
20,2023,30,7470,7042,0.9427041499330656,7042,0.9427041499330656,6962,7223,261,247,17,411,249
20,2024,30,7500,7316,0.9754666666666667,7316,0.9754666666666667,7259,7429,170,71,14,170,250
20,2025,30,7440,6483,0.8713709677419355,6483,0.8713709677419355,6283,7188,905,252,12,945,248
20,2026,30,5250,5250,1.0,5250,1.0,4650,4650,0,600,0,0,175
