period,horizon,bin,n,predicted_probability,observed_event_rate,probability_calibration_status
development_2023_2025,5,"(-0.001, 0.1]",14706,0.03534934955689946,0.03195974432204542,raw_uncalibrated
development_2023_2025,5,"(0.1, 0.2]",2526,0.14110374869111156,0.1543942992874109,raw_uncalibrated
development_2023_2025,5,"(0.2, 0.3]",1072,0.24585238164264922,0.2332089552238806,raw_uncalibrated
development_2023_2025,5,"(0.3, 0.4]",771,0.34787673181122014,0.3450064850843061,raw_uncalibrated
development_2023_2025,5,"(0.4, 0.5]",617,0.447176894395359,0.473257698541329,raw_uncalibrated
development_2023_2025,5,"(0.5, 0.6]",443,0.5472478460719239,0.4785553047404063,raw_uncalibrated
development_2023_2025,5,"(0.6, 0.7]",325,0.6456017764724007,0.56,raw_uncalibrated
development_2023_2025,5,"(0.7, 0.8]",198,0.7466433880158925,0.6565656565656566,raw_uncalibrated
development_2023_2025,5,"(0.8, 0.9]",99,0.8365481258630675,0.8080808080808081,raw_uncalibrated
development_2023_2025,5,"(0.9, 1.0]",2,0.9074472482212792,1.0,raw_uncalibrated
development_2023_2025,20,"(-0.001, 0.1]",14009,0.029512925708382803,0.05039617388821472,raw_uncalibrated
development_2023_2025,20,"(0.1, 0.2]",3218,0.15090367273500932,0.15972653822249844,raw_uncalibrated
development_2023_2025,20,"(0.2, 0.3]",973,0.24685381803517545,0.24563206577595068,raw_uncalibrated
development_2023_2025,20,"(0.3, 0.4]",657,0.34691881919948164,0.3135464231354642,raw_uncalibrated
development_2023_2025,20,"(0.4, 0.5]",545,0.4463339503894464,0.41834862385321103,raw_uncalibrated
development_2023_2025,20,"(0.5, 0.6]",388,0.5519683342766124,0.48195876288659795,raw_uncalibrated
development_2023_2025,20,"(0.6, 0.7]",274,0.6481700123814431,0.6021897810218978,raw_uncalibrated
development_2023_2025,20,"(0.7, 0.8]",210,0.7468989391811888,0.7761904761904762,raw_uncalibrated
development_2023_2025,20,"(0.8, 0.9]",163,0.8411561199006489,0.8650306748466258,raw_uncalibrated
development_2023_2025,20,"(0.9, 1.0]",67,0.9291087667258986,0.9402985074626866,raw_uncalibrated
chronological_2026,5,"(-0.001, 0.1]",2898,0.04050246886440007,0.05866114561766736,raw_uncalibrated
chronological_2026,5,"(0.1, 0.2]",841,0.1437001816575194,0.1581450653983353,raw_uncalibrated
chronological_2026,5,"(0.2, 0.3]",426,0.2450890874688794,0.19718309859154928,raw_uncalibrated
chronological_2026,5,"(0.3, 0.4]",251,0.34814318166727715,0.2749003984063745,raw_uncalibrated
chronological_2026,5,"(0.4, 0.5]",212,0.4447655292778049,0.3867924528301887,raw_uncalibrated
chronological_2026,5,"(0.5, 0.6]",175,0.5477702437021563,0.56,raw_uncalibrated
chronological_2026,5,"(0.6, 0.7]",138,0.646625600443048,0.644927536231884,raw_uncalibrated
chronological_2026,5,"(0.7, 0.8]",89,0.7460093839212347,0.7191011235955056,raw_uncalibrated
chronological_2026,5,"(0.8, 0.9]",58,0.8430562077760156,0.7758620689655172,raw_uncalibrated
chronological_2026,5,"(0.9, 1.0]",12,0.9147678894980924,0.5833333333333334,raw_uncalibrated
chronological_2026,20,"(-0.001, 0.1]",2502,0.03755263680389115,0.041167066346922465,raw_uncalibrated
chronological_2026,20,"(0.1, 0.2]",684,0.14462044023127973,0.15350877192982457,raw_uncalibrated
chronological_2026,20,"(0.2, 0.3]",391,0.2459174669313585,0.24808184143222506,raw_uncalibrated
chronological_2026,20,"(0.3, 0.4]",276,0.3466151195380774,0.32608695652173914,raw_uncalibrated
chronological_2026,20,"(0.4, 0.5]",219,0.45046729780383815,0.410958904109589,raw_uncalibrated
chronological_2026,20,"(0.5, 0.6]",196,0.5508891148799355,0.4897959183673469,raw_uncalibrated
chronological_2026,20,"(0.6, 0.7]",163,0.6437800370615648,0.50920245398773,raw_uncalibrated
chronological_2026,20,"(0.7, 0.8]",140,0.7500202524511312,0.5928571428571429,raw_uncalibrated
chronological_2026,20,"(0.8, 0.9]",73,0.8370856314731963,0.8493150684931506,raw_uncalibrated
chronological_2026,20,"(0.9, 1.0]",6,0.924501438520267,1.0,raw_uncalibrated
