horizon,cost_bps_per_turnover,policy_a,policy_b,endpoint,mean_a,mean_b,mean_difference_a_minus_b,unadjusted_ci_lower,unadjusted_ci_upper,p_value,n_paired_dates,n_market_dates,n_excluded_quality_dates,block_days,bootstrap_reps,seed,bootstrap_method,block_role,p_holm,reject_holm_05,a_better_holm_05,holm_family_size,ci_scope,period,evidence_status
5,0.0,S3,S2,abs_error_common,0.043954225296601285,0.052888626719688886,-0.0089344014230876,-0.02694540472113831,0.007197905165127547,0.2928535732133933,530,747,217,20,2000,42,circular_market_calendar_blocks_with_valid_count_weights,primary,1.0,False,False,48,unadjusted_95_percent_percentile,development_2023_2025,retrospective_CafeF_proxy_not_executable_pnl
5,0.0,S3,S2,breach_common,0.2188679245283019,0.6018867924528302,-0.38301886792452833,-0.5,-0.2699329226382914,0.0004997501249375312,530,747,217,20,2000,42,circular_market_calendar_blocks_with_valid_count_weights,primary,0.0239880059970015,True,True,48,unadjusted_95_percent_percentile,development_2023_2025,retrospective_CafeF_proxy_not_executable_pnl
5,0.0,EM_S3,EM_S2,abs_error_common,0.043954225296601396,0.044263782557043246,-0.00030955726044185565,-0.0006346351193524278,-7.13244481402871e-07,0.05547226386806597,530,747,217,20,2000,42,circular_market_calendar_blocks_with_valid_count_weights,primary,1.0,False,False,48,unadjusted_95_percent_percentile,development_2023_2025,retrospective_CafeF_proxy_not_executable_pnl
5,0.0,EM_S3,EM_S2,breach_common,0.2188679245283019,0.2169811320754717,0.0018867924528301887,-0.009869235278791036,0.013675213675213675,0.7961019490254873,530,747,217,20,2000,42,circular_market_calendar_blocks_with_valid_count_weights,primary,1.0,False,False,48,unadjusted_95_percent_percentile,development_2023_2025,retrospective_CafeF_proxy_not_executable_pnl
5,0.0,S3,BLIND_S2,abs_error_common,0.043954225296601285,0.04738087559453203,-0.003426650297930739,-0.00826056511130361,0.0011813848908042701,0.15092453773113443,530,747,217,20,2000,42,circular_market_calendar_blocks_with_valid_count_weights,primary,1.0,False,False,48,unadjusted_95_percent_percentile,development_2023_2025,retrospective_CafeF_proxy_not_executable_pnl
5,0.0,S3,BLIND_S2,breach_common,0.2188679245283019,0.2188679245283019,0.0,-0.040489585270596984,0.04029420685471641,1.0,530,747,217,20,2000,42,circular_market_calendar_blocks_with_valid_count_weights,primary,1.0,False,False,48,unadjusted_95_percent_percentile,development_2023_2025,retrospective_CafeF_proxy_not_executable_pnl
5,10.0,S3,S2,abs_error_common,0.04398877982896849,0.05291741694688029,-0.008928637117911805,-0.026970124870250044,0.007195909101700751,0.29485257371314344,530,747,217,20,2000,42,circular_market_calendar_blocks_with_valid_count_weights,primary,1.0,False,False,48,unadjusted_95_percent_percentile,development_2023_2025,retrospective_CafeF_proxy_not_executable_pnl
5,10.0,S3,S2,breach_common,0.2188679245283019,0.6037735849056604,-0.3849056603773585,-0.5010527428507845,-0.2719786548888833,0.0004997501249375312,530,747,217,20,2000,42,circular_market_calendar_blocks_with_valid_count_weights,primary,0.0239880059970015,True,True,48,unadjusted_95_percent_percentile,development_2023_2025,retrospective_CafeF_proxy_not_executable_pnl
5,10.0,EM_S3,EM_S2,abs_error_common,0.043988779828968406,0.04429457053398355,-0.0003057907050151487,-0.0006334411529615905,3.7038623628751856e-06,0.05997001499250375,530,747,217,20,2000,42,circular_market_calendar_blocks_with_valid_count_weights,primary,1.0,False,False,48,unadjusted_95_percent_percentile,development_2023_2025,retrospective_CafeF_proxy_not_executable_pnl
5,10.0,EM_S3,EM_S2,breach_common,0.2188679245283019,0.2188679245283019,0.0,-0.0110502334305111,0.011131725417439703,1.0,530,747,217,20,2000,42,circular_market_calendar_blocks_with_valid_count_weights,primary,1.0,False,False,48,unadjusted_95_percent_percentile,development_2023_2025,retrospective_CafeF_proxy_not_executable_pnl
5,10.0,S3,BLIND_S2,abs_error_common,0.04398877982896849,0.047413359639673504,-0.003424579810705011,-0.00825616591844387,0.001176778250586362,0.15142428785607195,530,747,217,20,2000,42,circular_market_calendar_blocks_with_valid_count_weights,primary,1.0,False,False,48,unadjusted_95_percent_percentile,development_2023_2025,retrospective_CafeF_proxy_not_executable_pnl
5,10.0,S3,BLIND_S2,breach_common,0.2188679245283019,0.2188679245283019,0.0,-0.040489585270596984,0.04029420685471641,1.0,530,747,217,20,2000,42,circular_market_calendar_blocks_with_valid_count_weights,primary,1.0,False,False,48,unadjusted_95_percent_percentile,development_2023_2025,retrospective_CafeF_proxy_not_executable_pnl
5,25.0,S3,S2,abs_error_common,0.04403563660903416,0.052940387170566615,-0.008904750561532455,-0.026963789831717384,0.00719717761004074,0.296351824087956,530,747,217,20,2000,42,circular_market_calendar_blocks_with_valid_count_weights,primary,1.0,False,False,48,unadjusted_95_percent_percentile,development_2023_2025,retrospective_CafeF_proxy_not_executable_pnl
5,25.0,S3,S2,breach_common,0.2188679245283019,0.6037735849056604,-0.3849056603773585,-0.5010527428507845,-0.2719786548888833,0.0004997501249375312,530,747,217,20,2000,42,circular_market_calendar_blocks_with_valid_count_weights,primary,0.0239880059970015,True,True,48,unadjusted_95_percent_percentile,development_2023_2025,retrospective_CafeF_proxy_not_executable_pnl
5,25.0,EM_S3,EM_S2,abs_error_common,0.04403563660903412,0.044336568486008476,-0.00030093187697436346,-0.0006288204418373384,1.0604875417661996e-05,0.06296851574212893,530,747,217,20,2000,42,circular_market_calendar_blocks_with_valid_count_weights,primary,1.0,False,False,48,unadjusted_95_percent_percentile,development_2023_2025,retrospective_CafeF_proxy_not_executable_pnl
5,25.0,EM_S3,EM_S2,breach_common,0.2188679245283019,0.21509433962264152,0.0037735849056603774,0.0,0.01263291420941359,0.519240379810095,530,747,217,20,2000,42,circular_market_calendar_blocks_with_valid_count_weights,primary,1.0,False,False,48,unadjusted_95_percent_percentile,development_2023_2025,retrospective_CafeF_proxy_not_executable_pnl
5,25.0,S3,BLIND_S2,abs_error_common,0.04403563660903416,0.04745864564032816,-0.0034230090312940054,-0.00824693939688306,0.0011692880605774312,0.15092453773113443,530,747,217,20,2000,42,circular_market_calendar_blocks_with_valid_count_weights,primary,1.0,False,False,48,unadjusted_95_percent_percentile,development_2023_2025,retrospective_CafeF_proxy_not_executable_pnl
5,25.0,S3,BLIND_S2,breach_common,0.2188679245283019,0.22075471698113208,-0.0018867924528301887,-0.040661543601737384,0.03755012913926411,0.9405297351324338,530,747,217,20,2000,42,circular_market_calendar_blocks_with_valid_count_weights,primary,1.0,False,False,48,unadjusted_95_percent_percentile,development_2023_2025,retrospective_CafeF_proxy_not_executable_pnl
5,50.0,S3,S2,abs_error_common,0.044102404198899124,0.05297597488265979,-0.008873570683760655,-0.026964142412966772,0.007206346196969764,0.2978510744627686,530,747,217,20,2000,42,circular_market_calendar_blocks_with_valid_count_weights,primary,1.0,False,False,48,unadjusted_95_percent_percentile,development_2023_2025,retrospective_CafeF_proxy_not_executable_pnl
5,50.0,S3,S2,breach_common,0.22075471698113208,0.5943396226415094,-0.37358490566037733,-0.4835179541004783,-0.26403138159951456,0.0004997501249375312,530,747,217,20,2000,42,circular_market_calendar_blocks_with_valid_count_weights,primary,0.0239880059970015,True,True,48,unadjusted_95_percent_percentile,development_2023_2025,retrospective_CafeF_proxy_not_executable_pnl
5,50.0,EM_S3,EM_S2,abs_error_common,0.044102404198899124,0.044396792930809746,-0.0002943887319106239,-0.0006246924903179361,1.896411838760475e-05,0.06846576711644178,530,747,217,20,2000,42,circular_market_calendar_blocks_with_valid_count_weights,primary,1.0,False,False,48,unadjusted_95_percent_percentile,development_2023_2025,retrospective_CafeF_proxy_not_executable_pnl
5,50.0,EM_S3,EM_S2,breach_common,0.22075471698113208,0.2188679245283019,0.0018867924528301887,0.0,0.006316122584943369,0.5387306346826587,530,747,217,20,2000,42,circular_market_calendar_blocks_with_valid_count_weights,primary,1.0,False,False,48,unadjusted_95_percent_percentile,development_2023_2025,retrospective_CafeF_proxy_not_executable_pnl
5,50.0,S3,BLIND_S2,abs_error_common,0.044102404198899124,0.04752558063501061,-0.0034231764361114755,-0.008236123986839811,0.0011370059653170233,0.15092453773113443,530,747,217,20,2000,42,circular_market_calendar_blocks_with_valid_count_weights,primary,1.0,False,False,48,unadjusted_95_percent_percentile,development_2023_2025,retrospective_CafeF_proxy_not_executable_pnl
5,50.0,S3,BLIND_S2,breach_common,0.22075471698113208,0.22264150943396227,-0.0018867924528301887,-0.04060980968951229,0.03755406816317396,0.9400299850074962,530,747,217,20,2000,42,circular_market_calendar_blocks_with_valid_count_weights,primary,1.0,False,False,48,unadjusted_95_percent_percentile,development_2023_2025,retrospective_CafeF_proxy_not_executable_pnl
20,0.0,S3,S2,abs_error_common,0.04708319751798775,0.051593875830109014,-0.004510678312121259,-0.021969677478024446,0.011409934569502452,0.6056971514242878,530,747,217,20,2000,42,circular_market_calendar_blocks_with_valid_count_weights,primary,1.0,False,False,48,unadjusted_95_percent_percentile,development_2023_2025,retrospective_CafeF_proxy_not_executable_pnl
20,0.0,S3,S2,breach_common,0.14150943396226415,0.5830188679245283,-0.44150943396226416,-0.5709248584142395,-0.3108792372881357,0.0004997501249375312,530,747,217,20,2000,42,circular_market_calendar_blocks_with_valid_count_weights,primary,0.0239880059970015,True,True,48,unadjusted_95_percent_percentile,development_2023_2025,retrospective_CafeF_proxy_not_executable_pnl
20,0.0,EM_S3,EM_S2,abs_error_common,0.04708319751798775,0.04745969675485764,-0.0003764992368698844,-0.0006770970169951588,-5.675372432362849e-05,0.01649175412293853,530,747,217,20,2000,42,circular_market_calendar_blocks_with_valid_count_weights,primary,0.6596701649175413,False,False,48,unadjusted_95_percent_percentile,development_2023_2025,retrospective_CafeF_proxy_not_executable_pnl
20,0.0,EM_S3,EM_S2,breach_common,0.14150943396226415,0.13584905660377358,0.005660377358490566,0.0,0.014346016098065269,0.20089955022488756,530,747,217,20,2000,42,circular_market_calendar_blocks_with_valid_count_weights,primary,1.0,False,False,48,unadjusted_95_percent_percentile,development_2023_2025,retrospective_CafeF_proxy_not_executable_pnl
20,0.0,S3,BLIND_S2,abs_error_common,0.04708319751798775,0.05106088278780969,-0.003977685269821938,-0.01028353887154777,0.0025748171755816188,0.223888055972014,530,747,217,20,2000,42,circular_market_calendar_blocks_with_valid_count_weights,primary,1.0,False,False,48,unadjusted_95_percent_percentile,development_2023_2025,retrospective_CafeF_proxy_not_executable_pnl
20,0.0,S3,BLIND_S2,breach_common,0.14150943396226415,0.16792452830188678,-0.026415094339622643,-0.12151820757871763,0.06729898469396924,0.5897051474262869,530,747,217,20,2000,42,circular_market_calendar_blocks_with_valid_count_weights,primary,1.0,False,False,48,unadjusted_95_percent_percentile,development_2023_2025,retrospective_CafeF_proxy_not_executable_pnl
20,10.0,S3,S2,abs_error_common,0.04709572434008537,0.05159931666021526,-0.00450359232012988,-0.021988671716469024,0.011407632394634793,0.6051974012993503,530,747,217,20,2000,42,circular_market_calendar_blocks_with_valid_count_weights,primary,1.0,False,False,48,unadjusted_95_percent_percentile,development_2023_2025,retrospective_CafeF_proxy_not_executable_pnl
20,10.0,S3,S2,breach_common,0.14150943396226415,0.5849056603773585,-0.44339622641509435,-0.5746905088023204,-0.31185391293287124,0.0004997501249375312,530,747,217,20,2000,42,circular_market_calendar_blocks_with_valid_count_weights,primary,0.0239880059970015,True,True,48,unadjusted_95_percent_percentile,development_2023_2025,retrospective_CafeF_proxy_not_executable_pnl
20,10.0,EM_S3,EM_S2,abs_error_common,0.04709572434008537,0.04746872288678099,-0.0003729985466956186,-0.0006721263454256298,-5.4769813991799654e-05,0.018490754622688656,530,747,217,20,2000,42,circular_market_calendar_blocks_with_valid_count_weights,primary,0.7211394302848576,False,False,48,unadjusted_95_percent_percentile,development_2023_2025,retrospective_CafeF_proxy_not_executable_pnl
20,10.0,EM_S3,EM_S2,breach_common,0.14150943396226415,0.13584905660377358,0.005660377358490566,0.0,0.014346016098065269,0.20089955022488756,530,747,217,20,2000,42,circular_market_calendar_blocks_with_valid_count_weights,primary,1.0,False,False,48,unadjusted_95_percent_percentile,development_2023_2025,retrospective_CafeF_proxy_not_executable_pnl
20,10.0,S3,BLIND_S2,abs_error_common,0.04709572434008537,0.051069041714069986,-0.003973317373984623,-0.01027187684755397,0.0025743247221197275,0.223888055972014,530,747,217,20,2000,42,circular_market_calendar_blocks_with_valid_count_weights,primary,1.0,False,False,48,unadjusted_95_percent_percentile,development_2023_2025,retrospective_CafeF_proxy_not_executable_pnl
20,10.0,S3,BLIND_S2,breach_common,0.14150943396226415,0.16792452830188678,-0.026415094339622643,-0.12151820757871763,0.06729898469396924,0.5897051474262869,530,747,217,20,2000,42,circular_market_calendar_blocks_with_valid_count_weights,primary,1.0,False,False,48,unadjusted_95_percent_percentile,development_2023_2025,retrospective_CafeF_proxy_not_executable_pnl
20,25.0,S3,S2,abs_error_common,0.04710998975670338,0.05158895902038215,-0.004478969263678762,-0.022021247875664715,0.011418251648209178,0.6081959020489756,530,747,217,20,2000,42,circular_market_calendar_blocks_with_valid_count_weights,primary,1.0,False,False,48,unadjusted_95_percent_percentile,development_2023_2025,retrospective_CafeF_proxy_not_executable_pnl
20,25.0,S3,S2,breach_common,0.14339622641509434,0.5849056603773585,-0.44150943396226416,-0.571701716333459,-0.31185391293287124,0.0004997501249375312,530,747,217,20,2000,42,circular_market_calendar_blocks_with_valid_count_weights,primary,0.0239880059970015,True,True,48,unadjusted_95_percent_percentile,development_2023_2025,retrospective_CafeF_proxy_not_executable_pnl
20,25.0,EM_S3,EM_S2,abs_error_common,0.04710998975670338,0.04747726428734855,-0.0003672745306451779,-0.0006676092022378342,-5.07112819508391e-05,0.01999000499750125,530,747,217,20,2000,42,circular_market_calendar_blocks_with_valid_count_weights,primary,0.7596201899050475,False,False,48,unadjusted_95_percent_percentile,development_2023_2025,retrospective_CafeF_proxy_not_executable_pnl
20,25.0,EM_S3,EM_S2,breach_common,0.14339622641509434,0.13584905660377358,0.007547169811320755,0.0,0.01991190521995639,0.2098950524737631,530,747,217,20,2000,42,circular_market_calendar_blocks_with_valid_count_weights,primary,1.0,False,False,48,unadjusted_95_percent_percentile,development_2023_2025,retrospective_CafeF_proxy_not_executable_pnl
20,25.0,S3,BLIND_S2,abs_error_common,0.04710998975670338,0.05107755488890652,-0.003967565132203139,-0.01025463973906452,0.0025736048612146605,0.22688655672163918,530,747,217,20,2000,42,circular_market_calendar_blocks_with_valid_count_weights,primary,1.0,False,False,48,unadjusted_95_percent_percentile,development_2023_2025,retrospective_CafeF_proxy_not_executable_pnl
20,25.0,S3,BLIND_S2,breach_common,0.14339622641509434,0.16792452830188678,-0.024528301886792454,-0.11887699564586357,0.0677192468877108,0.6111944027986007,530,747,217,20,2000,42,circular_market_calendar_blocks_with_valid_count_weights,primary,1.0,False,False,48,unadjusted_95_percent_percentile,development_2023_2025,retrospective_CafeF_proxy_not_executable_pnl
20,50.0,S3,S2,abs_error_common,0.04712128935241132,0.05156627715562787,-0.004444987803216559,-0.02202651017942964,0.011505741667578109,0.6116941529235382,530,747,217,20,2000,42,circular_market_calendar_blocks_with_valid_count_weights,primary,1.0,False,False,48,unadjusted_95_percent_percentile,development_2023_2025,retrospective_CafeF_proxy_not_executable_pnl
20,50.0,S3,S2,breach_common,0.14339622641509434,0.5867924528301887,-0.44339622641509435,-0.5751373626373626,-0.3134808488612837,0.0004997501249375312,530,747,217,20,2000,42,circular_market_calendar_blocks_with_valid_count_weights,primary,0.0239880059970015,True,True,48,unadjusted_95_percent_percentile,development_2023_2025,retrospective_CafeF_proxy_not_executable_pnl
20,50.0,EM_S3,EM_S2,abs_error_common,0.04712128935241132,0.047478349532996275,-0.00035706018058496004,-0.0006482376231070364,-4.1633243945495036e-05,0.02498750624687656,530,747,217,20,2000,42,circular_market_calendar_blocks_with_valid_count_weights,primary,0.9245377311344327,False,False,48,unadjusted_95_percent_percentile,development_2023_2025,retrospective_CafeF_proxy_not_executable_pnl
20,50.0,EM_S3,EM_S2,breach_common,0.14339622641509434,0.13773584905660377,0.005660377358490566,0.0,0.014831295656554748,0.21639180409795103,530,747,217,20,2000,42,circular_market_calendar_blocks_with_valid_count_weights,primary,1.0,False,False,48,unadjusted_95_percent_percentile,development_2023_2025,retrospective_CafeF_proxy_not_executable_pnl
20,50.0,S3,BLIND_S2,abs_error_common,0.04712128935241132,0.0510818221181211,-0.0039605327657097865,-0.010267133902158694,0.0025710670722672415,0.2288855572213893,530,747,217,20,2000,42,circular_market_calendar_blocks_with_valid_count_weights,primary,1.0,False,False,48,unadjusted_95_percent_percentile,development_2023_2025,retrospective_CafeF_proxy_not_executable_pnl
20,50.0,S3,BLIND_S2,breach_common,0.14339622641509434,0.16792452830188678,-0.024528301886792454,-0.11887699564586357,0.0677192468877108,0.6111944027986007,530,747,217,20,2000,42,circular_market_calendar_blocks_with_valid_count_weights,primary,1.0,False,False,48,unadjusted_95_percent_percentile,development_2023_2025,retrospective_CafeF_proxy_not_executable_pnl
5,0.0,S3,S2,abs_error_common,0.043954225296601285,0.052888626719688886,-0.0089344014230876,-0.026520231427009964,0.0074221139591455374,0.303848075962019,530,747,217,60,2000,42,circular_market_calendar_blocks_with_valid_count_weights,sensitivity,1.0,False,False,48,unadjusted_95_percent_percentile,development_2023_2025,retrospective_CafeF_proxy_not_executable_pnl
5,0.0,S3,S2,breach_common,0.2188679245283019,0.6018867924528302,-0.38301886792452833,-0.504431420080028,-0.25661780740192147,0.0004997501249375312,530,747,217,60,2000,42,circular_market_calendar_blocks_with_valid_count_weights,sensitivity,0.0239880059970015,True,True,48,unadjusted_95_percent_percentile,development_2023_2025,retrospective_CafeF_proxy_not_executable_pnl
5,0.0,EM_S3,EM_S2,abs_error_common,0.043954225296601396,0.044263782557043246,-0.00030955726044185565,-0.0006525428063026068,4.5511612010619495e-05,0.08095952023988005,530,747,217,60,2000,42,circular_market_calendar_blocks_with_valid_count_weights,sensitivity,1.0,False,False,48,unadjusted_95_percent_percentile,development_2023_2025,retrospective_CafeF_proxy_not_executable_pnl
5,0.0,EM_S3,EM_S2,breach_common,0.2188679245283019,0.2169811320754717,0.0018867924528301887,-0.008772315234483396,0.013454429766088951,0.8085957021489255,530,747,217,60,2000,42,circular_market_calendar_blocks_with_valid_count_weights,sensitivity,1.0,False,False,48,unadjusted_95_percent_percentile,development_2023_2025,retrospective_CafeF_proxy_not_executable_pnl
5,0.0,S3,BLIND_S2,abs_error_common,0.043954225296601285,0.04738087559453203,-0.003426650297930739,-0.009354498408140071,0.00202547067687181,0.223888055972014,530,747,217,60,2000,42,circular_market_calendar_blocks_with_valid_count_weights,sensitivity,1.0,False,False,48,unadjusted_95_percent_percentile,development_2023_2025,retrospective_CafeF_proxy_not_executable_pnl
5,0.0,S3,BLIND_S2,breach_common,0.2188679245283019,0.2188679245283019,0.0,-0.041587899374784625,0.04035334121821406,1.0,530,747,217,60,2000,42,circular_market_calendar_blocks_with_valid_count_weights,sensitivity,1.0,False,False,48,unadjusted_95_percent_percentile,development_2023_2025,retrospective_CafeF_proxy_not_executable_pnl
5,10.0,S3,S2,abs_error_common,0.04398877982896849,0.05291741694688029,-0.008928637117911805,-0.02655938941530971,0.007455114256389995,0.30434782608695654,530,747,217,60,2000,42,circular_market_calendar_blocks_with_valid_count_weights,sensitivity,1.0,False,False,48,unadjusted_95_percent_percentile,development_2023_2025,retrospective_CafeF_proxy_not_executable_pnl
5,10.0,S3,S2,breach_common,0.2188679245283019,0.6037735849056604,-0.3849056603773585,-0.5064708068793699,-0.2600197635765352,0.0004997501249375312,530,747,217,60,2000,42,circular_market_calendar_blocks_with_valid_count_weights,sensitivity,0.0239880059970015,True,True,48,unadjusted_95_percent_percentile,development_2023_2025,retrospective_CafeF_proxy_not_executable_pnl
5,10.0,EM_S3,EM_S2,abs_error_common,0.043988779828968406,0.04429457053398355,-0.0003057907050151487,-0.000647817090683136,4.8651946708462464e-05,0.08245877061469266,530,747,217,60,2000,42,circular_market_calendar_blocks_with_valid_count_weights,sensitivity,1.0,False,False,48,unadjusted_95_percent_percentile,development_2023_2025,retrospective_CafeF_proxy_not_executable_pnl
5,10.0,EM_S3,EM_S2,breach_common,0.2188679245283019,0.2188679245283019,0.0,-0.010260416666666666,0.011494252873563218,1.0,530,747,217,60,2000,42,circular_market_calendar_blocks_with_valid_count_weights,sensitivity,1.0,False,False,48,unadjusted_95_percent_percentile,development_2023_2025,retrospective_CafeF_proxy_not_executable_pnl
5,10.0,S3,BLIND_S2,abs_error_common,0.04398877982896849,0.047413359639673504,-0.003424579810705011,-0.009339868758362868,0.002012209105229071,0.22438780609695153,530,747,217,60,2000,42,circular_market_calendar_blocks_with_valid_count_weights,sensitivity,1.0,False,False,48,unadjusted_95_percent_percentile,development_2023_2025,retrospective_CafeF_proxy_not_executable_pnl
5,10.0,S3,BLIND_S2,breach_common,0.2188679245283019,0.2188679245283019,0.0,-0.041587899374784625,0.04035334121821406,1.0,530,747,217,60,2000,42,circular_market_calendar_blocks_with_valid_count_weights,sensitivity,1.0,False,False,48,unadjusted_95_percent_percentile,development_2023_2025,retrospective_CafeF_proxy_not_executable_pnl
5,25.0,S3,S2,abs_error_common,0.04403563660903416,0.052940387170566615,-0.008904750561532455,-0.02665007319605684,0.007478454788085411,0.3053473263368316,530,747,217,60,2000,42,circular_market_calendar_blocks_with_valid_count_weights,sensitivity,1.0,False,False,48,unadjusted_95_percent_percentile,development_2023_2025,retrospective_CafeF_proxy_not_executable_pnl
5,25.0,S3,S2,breach_common,0.2188679245283019,0.6037735849056604,-0.3849056603773585,-0.5064708068793699,-0.2600197635765352,0.0004997501249375312,530,747,217,60,2000,42,circular_market_calendar_blocks_with_valid_count_weights,sensitivity,0.0239880059970015,True,True,48,unadjusted_95_percent_percentile,development_2023_2025,retrospective_CafeF_proxy_not_executable_pnl
5,25.0,EM_S3,EM_S2,abs_error_common,0.04403563660903412,0.044336568486008476,-0.00030093187697436346,-0.0006391883812798941,5.368561733557529e-05,0.0864567716141929,530,747,217,60,2000,42,circular_market_calendar_blocks_with_valid_count_weights,sensitivity,1.0,False,False,48,unadjusted_95_percent_percentile,development_2023_2025,retrospective_CafeF_proxy_not_executable_pnl
5,25.0,EM_S3,EM_S2,breach_common,0.2188679245283019,0.21509433962264152,0.0037735849056603774,0.0,0.0125,0.5297351324337831,530,747,217,60,2000,42,circular_market_calendar_blocks_with_valid_count_weights,sensitivity,1.0,False,False,48,unadjusted_95_percent_percentile,development_2023_2025,retrospective_CafeF_proxy_not_executable_pnl
5,25.0,S3,BLIND_S2,abs_error_common,0.04403563660903416,0.04745864564032816,-0.0034230090312940054,-0.00931254889905099,0.0020085312844907322,0.223888055972014,530,747,217,60,2000,42,circular_market_calendar_blocks_with_valid_count_weights,sensitivity,1.0,False,False,48,unadjusted_95_percent_percentile,development_2023_2025,retrospective_CafeF_proxy_not_executable_pnl
5,25.0,S3,BLIND_S2,breach_common,0.2188679245283019,0.22075471698113208,-0.0018867924528301887,-0.0430335222370382,0.03792713486071334,0.9525237381309345,530,747,217,60,2000,42,circular_market_calendar_blocks_with_valid_count_weights,sensitivity,1.0,False,False,48,unadjusted_95_percent_percentile,development_2023_2025,retrospective_CafeF_proxy_not_executable_pnl
5,50.0,S3,S2,abs_error_common,0.044102404198899124,0.05297597488265979,-0.008873570683760655,-0.026686976629996507,0.007505678054687325,0.30634682658670664,530,747,217,60,2000,42,circular_market_calendar_blocks_with_valid_count_weights,sensitivity,1.0,False,False,48,unadjusted_95_percent_percentile,development_2023_2025,retrospective_CafeF_proxy_not_executable_pnl
5,50.0,S3,S2,breach_common,0.22075471698113208,0.5943396226415094,-0.37358490566037733,-0.4934346187037289,-0.25095374595374603,0.0004997501249375312,530,747,217,60,2000,42,circular_market_calendar_blocks_with_valid_count_weights,sensitivity,0.0239880059970015,True,True,48,unadjusted_95_percent_percentile,development_2023_2025,retrospective_CafeF_proxy_not_executable_pnl
5,50.0,EM_S3,EM_S2,abs_error_common,0.044102404198899124,0.044396792930809746,-0.0002943887319106239,-0.0006293657541103071,5.936008481022644e-05,0.09095452273863068,530,747,217,60,2000,42,circular_market_calendar_blocks_with_valid_count_weights,sensitivity,1.0,False,False,48,unadjusted_95_percent_percentile,development_2023_2025,retrospective_CafeF_proxy_not_executable_pnl
5,50.0,EM_S3,EM_S2,breach_common,0.22075471698113208,0.2188679245283019,0.0018867924528301887,0.0,0.00623733108108108,0.5397301349325337,530,747,217,60,2000,42,circular_market_calendar_blocks_with_valid_count_weights,sensitivity,1.0,False,False,48,unadjusted_95_percent_percentile,development_2023_2025,retrospective_CafeF_proxy_not_executable_pnl
5,50.0,S3,BLIND_S2,abs_error_common,0.044102404198899124,0.04752558063501061,-0.0034231764361114755,-0.009280024425388307,0.002014520312376725,0.22138930534732634,530,747,217,60,2000,42,circular_market_calendar_blocks_with_valid_count_weights,sensitivity,1.0,False,False,48,unadjusted_95_percent_percentile,development_2023_2025,retrospective_CafeF_proxy_not_executable_pnl
5,50.0,S3,BLIND_S2,breach_common,0.22075471698113208,0.22264150943396227,-0.0018867924528301887,-0.04233417156522691,0.03783999568430705,0.9525237381309345,530,747,217,60,2000,42,circular_market_calendar_blocks_with_valid_count_weights,sensitivity,1.0,False,False,48,unadjusted_95_percent_percentile,development_2023_2025,retrospective_CafeF_proxy_not_executable_pnl
20,0.0,S3,S2,abs_error_common,0.04708319751798775,0.051593875830109014,-0.004510678312121259,-0.021015707925093736,0.010303157487546072,0.5687156421789106,530,747,217,60,2000,42,circular_market_calendar_blocks_with_valid_count_weights,sensitivity,1.0,False,False,48,unadjusted_95_percent_percentile,development_2023_2025,retrospective_CafeF_proxy_not_executable_pnl
20,0.0,S3,S2,breach_common,0.14150943396226415,0.5830188679245283,-0.44150943396226416,-0.600969192348187,-0.27649234392076893,0.0004997501249375312,530,747,217,60,2000,42,circular_market_calendar_blocks_with_valid_count_weights,sensitivity,0.0239880059970015,True,True,48,unadjusted_95_percent_percentile,development_2023_2025,retrospective_CafeF_proxy_not_executable_pnl
20,0.0,EM_S3,EM_S2,abs_error_common,0.04708319751798775,0.04745969675485764,-0.0003764992368698844,-0.0006420427522718948,-5.209096093215095e-05,0.01699150424787606,530,747,217,60,2000,42,circular_market_calendar_blocks_with_valid_count_weights,sensitivity,0.6796601699150424,False,False,48,unadjusted_95_percent_percentile,development_2023_2025,retrospective_CafeF_proxy_not_executable_pnl
20,0.0,EM_S3,EM_S2,breach_common,0.14150943396226415,0.13584905660377358,0.005660377358490566,0.0,0.01648379970544919,0.32533733133433285,530,747,217,60,2000,42,circular_market_calendar_blocks_with_valid_count_weights,sensitivity,1.0,False,False,48,unadjusted_95_percent_percentile,development_2023_2025,retrospective_CafeF_proxy_not_executable_pnl
20,0.0,S3,BLIND_S2,abs_error_common,0.04708319751798775,0.05106088278780969,-0.003977685269821938,-0.011483547754374804,0.004101027350384089,0.312343828085957,530,747,217,60,2000,42,circular_market_calendar_blocks_with_valid_count_weights,sensitivity,1.0,False,False,48,unadjusted_95_percent_percentile,development_2023_2025,retrospective_CafeF_proxy_not_executable_pnl
20,0.0,S3,BLIND_S2,breach_common,0.14150943396226415,0.16792452830188678,-0.026415094339622643,-0.13824906612205,0.08348211059595848,0.6466766616691654,530,747,217,60,2000,42,circular_market_calendar_blocks_with_valid_count_weights,sensitivity,1.0,False,False,48,unadjusted_95_percent_percentile,development_2023_2025,retrospective_CafeF_proxy_not_executable_pnl
20,10.0,S3,S2,abs_error_common,0.04709572434008537,0.05159931666021526,-0.00450359232012988,-0.021014647749345926,0.010305610150525737,0.5702148925537232,530,747,217,60,2000,42,circular_market_calendar_blocks_with_valid_count_weights,sensitivity,1.0,False,False,48,unadjusted_95_percent_percentile,development_2023_2025,retrospective_CafeF_proxy_not_executable_pnl
20,10.0,S3,S2,breach_common,0.14150943396226415,0.5849056603773585,-0.44339622641509435,-0.6038578635892357,-0.2791497783965249,0.0004997501249375312,530,747,217,60,2000,42,circular_market_calendar_blocks_with_valid_count_weights,sensitivity,0.0239880059970015,True,True,48,unadjusted_95_percent_percentile,development_2023_2025,retrospective_CafeF_proxy_not_executable_pnl
20,10.0,EM_S3,EM_S2,abs_error_common,0.04709572434008537,0.04746872288678099,-0.0003729985466956186,-0.0006387812395729755,-4.805886740501397e-05,0.017491254372813594,530,747,217,60,2000,42,circular_market_calendar_blocks_with_valid_count_weights,sensitivity,0.6821589205397302,False,False,48,unadjusted_95_percent_percentile,development_2023_2025,retrospective_CafeF_proxy_not_executable_pnl
20,10.0,EM_S3,EM_S2,breach_common,0.14150943396226415,0.13584905660377358,0.005660377358490566,0.0,0.01648379970544919,0.32533733133433285,530,747,217,60,2000,42,circular_market_calendar_blocks_with_valid_count_weights,sensitivity,1.0,False,False,48,unadjusted_95_percent_percentile,development_2023_2025,retrospective_CafeF_proxy_not_executable_pnl
20,10.0,S3,BLIND_S2,abs_error_common,0.04709572434008537,0.051069041714069986,-0.003973317373984623,-0.011468006778148883,0.004077810764929392,0.312343828085957,530,747,217,60,2000,42,circular_market_calendar_blocks_with_valid_count_weights,sensitivity,1.0,False,False,48,unadjusted_95_percent_percentile,development_2023_2025,retrospective_CafeF_proxy_not_executable_pnl
20,10.0,S3,BLIND_S2,breach_common,0.14150943396226415,0.16792452830188678,-0.026415094339622643,-0.13824906612205,0.08348211059595848,0.6466766616691654,530,747,217,60,2000,42,circular_market_calendar_blocks_with_valid_count_weights,sensitivity,1.0,False,False,48,unadjusted_95_percent_percentile,development_2023_2025,retrospective_CafeF_proxy_not_executable_pnl
20,25.0,S3,S2,abs_error_common,0.04710998975670338,0.05158895902038215,-0.004478969263678762,-0.020945307925894198,0.010335377042340799,0.5727136431784108,530,747,217,60,2000,42,circular_market_calendar_blocks_with_valid_count_weights,sensitivity,1.0,False,False,48,unadjusted_95_percent_percentile,development_2023_2025,retrospective_CafeF_proxy_not_executable_pnl
20,25.0,S3,S2,breach_common,0.14339622641509434,0.5849056603773585,-0.44150943396226416,-0.598994835251046,-0.2791497783965249,0.0004997501249375312,530,747,217,60,2000,42,circular_market_calendar_blocks_with_valid_count_weights,sensitivity,0.0239880059970015,True,True,48,unadjusted_95_percent_percentile,development_2023_2025,retrospective_CafeF_proxy_not_executable_pnl
20,25.0,EM_S3,EM_S2,abs_error_common,0.04710998975670338,0.04747726428734855,-0.0003672745306451779,-0.0006319533042976038,-4.3562126487133654e-05,0.01899050474762619,530,747,217,60,2000,42,circular_market_calendar_blocks_with_valid_count_weights,sensitivity,0.7216391804097951,False,False,48,unadjusted_95_percent_percentile,development_2023_2025,retrospective_CafeF_proxy_not_executable_pnl
20,25.0,EM_S3,EM_S2,breach_common,0.14339622641509434,0.13584905660377358,0.007547169811320755,0.0,0.022088630766158555,0.328335832083958,530,747,217,60,2000,42,circular_market_calendar_blocks_with_valid_count_weights,sensitivity,1.0,False,False,48,unadjusted_95_percent_percentile,development_2023_2025,retrospective_CafeF_proxy_not_executable_pnl
20,25.0,S3,BLIND_S2,abs_error_common,0.04710998975670338,0.05107755488890652,-0.003967565132203139,-0.011456192498267943,0.0040446745882694,0.31134432783608196,530,747,217,60,2000,42,circular_market_calendar_blocks_with_valid_count_weights,sensitivity,1.0,False,False,48,unadjusted_95_percent_percentile,development_2023_2025,retrospective_CafeF_proxy_not_executable_pnl
20,25.0,S3,BLIND_S2,breach_common,0.14339622641509434,0.16792452830188678,-0.024528301886792454,-0.1360010600706714,0.08379403673795355,0.671664167916042,530,747,217,60,2000,42,circular_market_calendar_blocks_with_valid_count_weights,sensitivity,1.0,False,False,48,unadjusted_95_percent_percentile,development_2023_2025,retrospective_CafeF_proxy_not_executable_pnl
20,50.0,S3,S2,abs_error_common,0.04712128935241132,0.05156627715562787,-0.004444987803216559,-0.020838543370397738,0.01044012599175407,0.5757121439280359,530,747,217,60,2000,42,circular_market_calendar_blocks_with_valid_count_weights,sensitivity,1.0,False,False,48,unadjusted_95_percent_percentile,development_2023_2025,retrospective_CafeF_proxy_not_executable_pnl
20,50.0,S3,S2,breach_common,0.14339622641509434,0.5867924528301887,-0.44339622641509435,-0.6006876031887538,-0.280789758487127,0.0004997501249375312,530,747,217,60,2000,42,circular_market_calendar_blocks_with_valid_count_weights,sensitivity,0.0239880059970015,True,True,48,unadjusted_95_percent_percentile,development_2023_2025,retrospective_CafeF_proxy_not_executable_pnl
20,50.0,EM_S3,EM_S2,abs_error_common,0.04712128935241132,0.047478349532996275,-0.00035706018058496004,-0.0006188545278918424,-3.38061133564457e-05,0.022488755622188907,530,747,217,60,2000,42,circular_market_calendar_blocks_with_valid_count_weights,sensitivity,0.8320839580209896,False,False,48,unadjusted_95_percent_percentile,development_2023_2025,retrospective_CafeF_proxy_not_executable_pnl
20,50.0,EM_S3,EM_S2,breach_common,0.14339622641509434,0.13773584905660377,0.005660377358490566,0.0,0.016556748746844242,0.3453273363318341,530,747,217,60,2000,42,circular_market_calendar_blocks_with_valid_count_weights,sensitivity,1.0,False,False,48,unadjusted_95_percent_percentile,development_2023_2025,retrospective_CafeF_proxy_not_executable_pnl
20,50.0,S3,BLIND_S2,abs_error_common,0.04712128935241132,0.0510818221181211,-0.0039605327657097865,-0.011417900008939082,0.003992429778934607,0.3098450774612694,530,747,217,60,2000,42,circular_market_calendar_blocks_with_valid_count_weights,sensitivity,1.0,False,False,48,unadjusted_95_percent_percentile,development_2023_2025,retrospective_CafeF_proxy_not_executable_pnl
20,50.0,S3,BLIND_S2,breach_common,0.14339622641509434,0.16792452830188678,-0.024528301886792454,-0.1360010600706714,0.08379403673795355,0.671664167916042,530,747,217,60,2000,42,circular_market_calendar_blocks_with_valid_count_weights,sensitivity,1.0,False,False,48,unadjusted_95_percent_percentile,development_2023_2025,retrospective_CafeF_proxy_not_executable_pnl
5,0.0,S3,S2,abs_error_common,0.03987136259007944,0.06118504808392708,-0.021313685493847635,-0.05652031446924071,0.012776719505809301,0.22338830584707647,175,175,0,20,2000,42,circular_market_calendar_blocks_with_valid_count_weights,primary,1.0,False,False,48,unadjusted_95_percent_percentile,chronological_2026,retrospective_CafeF_proxy_not_executable_pnl
5,0.0,S3,S2,breach_common,0.3028571428571429,0.7142857142857143,-0.4114285714285714,-0.6228571428571429,-0.2057142857142857,0.0004997501249375312,175,175,0,20,2000,42,circular_market_calendar_blocks_with_valid_count_weights,primary,0.0239880059970015,True,True,48,unadjusted_95_percent_percentile,chronological_2026,retrospective_CafeF_proxy_not_executable_pnl
5,0.0,EM_S3,EM_S2,abs_error_common,0.03987136259007982,0.040395167109048315,-0.0005238045189685035,-0.0011329113313625278,0.0001329344063514918,0.10044977511244378,175,175,0,20,2000,42,circular_market_calendar_blocks_with_valid_count_weights,primary,1.0,False,False,48,unadjusted_95_percent_percentile,chronological_2026,retrospective_CafeF_proxy_not_executable_pnl
5,0.0,EM_S3,EM_S2,breach_common,0.3028571428571429,0.29714285714285715,0.005714285714285714,0.0,0.017142857142857144,0.6291854072963519,175,175,0,20,2000,42,circular_market_calendar_blocks_with_valid_count_weights,primary,1.0,False,False,48,unadjusted_95_percent_percentile,chronological_2026,retrospective_CafeF_proxy_not_executable_pnl
5,0.0,S3,BLIND_S2,abs_error_common,0.03987136259007944,0.0389587588879951,0.0009126037020843417,-0.003011459561893495,0.0046963212584421096,0.6176911544227887,175,175,0,20,2000,42,circular_market_calendar_blocks_with_valid_count_weights,primary,1.0,False,False,48,unadjusted_95_percent_percentile,chronological_2026,retrospective_CafeF_proxy_not_executable_pnl
5,0.0,S3,BLIND_S2,breach_common,0.3028571428571429,0.26285714285714284,0.04,0.0,0.08571428571428572,0.07946026986506746,175,175,0,20,2000,42,circular_market_calendar_blocks_with_valid_count_weights,primary,1.0,False,False,48,unadjusted_95_percent_percentile,chronological_2026,retrospective_CafeF_proxy_not_executable_pnl
5,10.0,S3,S2,abs_error_common,0.03984831602186018,0.06118035270850303,-0.02133203668664285,-0.05648610485877589,0.012776245490072403,0.22288855572213892,175,175,0,20,2000,42,circular_market_calendar_blocks_with_valid_count_weights,primary,1.0,False,False,48,unadjusted_95_percent_percentile,chronological_2026,retrospective_CafeF_proxy_not_executable_pnl
5,10.0,S3,S2,breach_common,0.3028571428571429,0.7142857142857143,-0.4114285714285714,-0.6228571428571429,-0.2057142857142857,0.0004997501249375312,175,175,0,20,2000,42,circular_market_calendar_blocks_with_valid_count_weights,primary,0.0239880059970015,True,True,48,unadjusted_95_percent_percentile,chronological_2026,retrospective_CafeF_proxy_not_executable_pnl
5,10.0,EM_S3,EM_S2,abs_error_common,0.039848316021859974,0.04037241143547185,-0.0005240954136118668,-0.0011303989487446181,0.00013060970988898457,0.09945027486256872,175,175,0,20,2000,42,circular_market_calendar_blocks_with_valid_count_weights,primary,1.0,False,False,48,unadjusted_95_percent_percentile,chronological_2026,retrospective_CafeF_proxy_not_executable_pnl
5,10.0,EM_S3,EM_S2,breach_common,0.3028571428571429,0.29714285714285715,0.005714285714285714,0.0,0.017142857142857144,0.6291854072963519,175,175,0,20,2000,42,circular_market_calendar_blocks_with_valid_count_weights,primary,1.0,False,False,48,unadjusted_95_percent_percentile,chronological_2026,retrospective_CafeF_proxy_not_executable_pnl
5,10.0,S3,BLIND_S2,abs_error_common,0.03984831602186018,0.0389457087257424,0.0009026072961177702,-0.0030292677656314194,0.004675849640270917,0.623688155922039,175,175,0,20,2000,42,circular_market_calendar_blocks_with_valid_count_weights,primary,1.0,False,False,48,unadjusted_95_percent_percentile,chronological_2026,retrospective_CafeF_proxy_not_executable_pnl
5,10.0,S3,BLIND_S2,breach_common,0.3028571428571429,0.26285714285714284,0.04,0.0,0.08571428571428572,0.07946026986506746,175,175,0,20,2000,42,circular_market_calendar_blocks_with_valid_count_weights,primary,1.0,False,False,48,unadjusted_95_percent_percentile,chronological_2026,retrospective_CafeF_proxy_not_executable_pnl
5,25.0,S3,S2,abs_error_common,0.03981231230959356,0.061085382304716926,-0.02127306999512337,-0.05639183347398896,0.012848698747988671,0.22438780609695153,175,175,0,20,2000,42,circular_market_calendar_blocks_with_valid_count_weights,primary,1.0,False,False,48,unadjusted_95_percent_percentile,chronological_2026,retrospective_CafeF_proxy_not_executable_pnl
5,25.0,S3,S2,breach_common,0.3028571428571429,0.7142857142857143,-0.4114285714285714,-0.6228571428571429,-0.2057142857142857,0.0004997501249375312,175,175,0,20,2000,42,circular_market_calendar_blocks_with_valid_count_weights,primary,0.0239880059970015,True,True,48,unadjusted_95_percent_percentile,chronological_2026,retrospective_CafeF_proxy_not_executable_pnl
5,25.0,EM_S3,EM_S2,abs_error_common,0.03981231230959347,0.040336614941996904,-0.0005243026324034423,-0.0011321274406311203,0.0001295026473283941,0.09895052473763119,175,175,0,20,2000,42,circular_market_calendar_blocks_with_valid_count_weights,primary,1.0,False,False,48,unadjusted_95_percent_percentile,chronological_2026,retrospective_CafeF_proxy_not_executable_pnl
5,25.0,EM_S3,EM_S2,breach_common,0.3028571428571429,0.29714285714285715,0.005714285714285714,0.0,0.017142857142857144,0.6291854072963519,175,175,0,20,2000,42,circular_market_calendar_blocks_with_valid_count_weights,primary,1.0,False,False,48,unadjusted_95_percent_percentile,chronological_2026,retrospective_CafeF_proxy_not_executable_pnl
5,25.0,S3,BLIND_S2,abs_error_common,0.03981231230959356,0.038924995891230614,0.0008873164183629417,-0.003042500986629675,0.004659261602205811,0.6276861569215393,175,175,0,20,2000,42,circular_market_calendar_blocks_with_valid_count_weights,primary,1.0,False,False,48,unadjusted_95_percent_percentile,chronological_2026,retrospective_CafeF_proxy_not_executable_pnl
5,25.0,S3,BLIND_S2,breach_common,0.3028571428571429,0.2571428571428571,0.045714285714285714,0.0,0.09157142857142779,0.07396301849075462,175,175,0,20,2000,42,circular_market_calendar_blocks_with_valid_count_weights,primary,1.0,False,False,48,unadjusted_95_percent_percentile,chronological_2026,retrospective_CafeF_proxy_not_executable_pnl
5,50.0,S3,S2,abs_error_common,0.039748495265485795,0.0609474857099968,-0.021198990444511012,-0.05626218356052082,0.012892651094530368,0.22638680659670166,175,175,0,20,2000,42,circular_market_calendar_blocks_with_valid_count_weights,primary,1.0,False,False,48,unadjusted_95_percent_percentile,chronological_2026,retrospective_CafeF_proxy_not_executable_pnl
5,50.0,S3,S2,breach_common,0.3028571428571429,0.7142857142857143,-0.4114285714285714,-0.6228571428571429,-0.2057142857142857,0.0004997501249375312,175,175,0,20,2000,42,circular_market_calendar_blocks_with_valid_count_weights,primary,0.0239880059970015,True,True,48,unadjusted_95_percent_percentile,chronological_2026,retrospective_CafeF_proxy_not_executable_pnl
5,50.0,EM_S3,EM_S2,abs_error_common,0.039748495265485705,0.04027253002056945,-0.000524034755083746,-0.001134337554371159,0.0001216142498749058,0.09945027486256872,175,175,0,20,2000,42,circular_market_calendar_blocks_with_valid_count_weights,primary,1.0,False,False,48,unadjusted_95_percent_percentile,chronological_2026,retrospective_CafeF_proxy_not_executable_pnl
5,50.0,EM_S3,EM_S2,breach_common,0.3028571428571429,0.29714285714285715,0.005714285714285714,0.0,0.017142857142857144,0.6291854072963519,175,175,0,20,2000,42,circular_market_calendar_blocks_with_valid_count_weights,primary,1.0,False,False,48,unadjusted_95_percent_percentile,chronological_2026,retrospective_CafeF_proxy_not_executable_pnl
5,50.0,S3,BLIND_S2,abs_error_common,0.039748495265485795,0.03888968145237509,0.0008588138131106973,-0.0030434486157744503,0.0045966832494814995,0.638680659670165,175,175,0,20,2000,42,circular_market_calendar_blocks_with_valid_count_weights,primary,1.0,False,False,48,unadjusted_95_percent_percentile,chronological_2026,retrospective_CafeF_proxy_not_executable_pnl
5,50.0,S3,BLIND_S2,breach_common,0.3028571428571429,0.25142857142857145,0.05142857142857143,0.0,0.10285714285714286,0.06546726636681659,175,175,0,20,2000,42,circular_market_calendar_blocks_with_valid_count_weights,primary,1.0,False,False,48,unadjusted_95_percent_percentile,chronological_2026,retrospective_CafeF_proxy_not_executable_pnl
20,0.0,S3,S2,abs_error_common,0.04300785500167627,0.06181340422088852,-0.018805549219212247,-0.051865569739321944,0.014741112648161142,0.26686656671664166,175,175,0,20,2000,42,circular_market_calendar_blocks_with_valid_count_weights,primary,1.0,False,False,48,unadjusted_95_percent_percentile,chronological_2026,retrospective_CafeF_proxy_not_executable_pnl
20,0.0,S3,S2,breach_common,0.2857142857142857,0.7085714285714285,-0.4228571428571429,-0.6342857142857142,-0.2057142857142857,0.0004997501249375312,175,175,0,20,2000,42,circular_market_calendar_blocks_with_valid_count_weights,primary,0.0239880059970015,True,True,48,unadjusted_95_percent_percentile,chronological_2026,retrospective_CafeF_proxy_not_executable_pnl
20,0.0,EM_S3,EM_S2,abs_error_common,0.04300785500167627,0.043558423742182245,-0.0005505687405059777,-0.0010205660827474073,0.00016323754051272217,0.05647176411794103,175,175,0,20,2000,42,circular_market_calendar_blocks_with_valid_count_weights,primary,1.0,False,False,48,unadjusted_95_percent_percentile,chronological_2026,retrospective_CafeF_proxy_not_executable_pnl
20,0.0,EM_S3,EM_S2,breach_common,0.2857142857142857,0.2857142857142857,0.0,0.0,0.0,1.0,175,175,0,20,2000,42,circular_market_calendar_blocks_with_valid_count_weights,primary,1.0,False,False,48,unadjusted_95_percent_percentile,chronological_2026,retrospective_CafeF_proxy_not_executable_pnl
20,0.0,S3,BLIND_S2,abs_error_common,0.04300785500167627,0.04346844271751519,-0.00046058771583891575,-0.005334726379749804,0.004910624160619923,0.8640679660169915,175,175,0,20,2000,42,circular_market_calendar_blocks_with_valid_count_weights,primary,1.0,False,False,48,unadjusted_95_percent_percentile,chronological_2026,retrospective_CafeF_proxy_not_executable_pnl
20,0.0,S3,BLIND_S2,breach_common,0.2857142857142857,0.21714285714285714,0.06857142857142857,0.005714285714285714,0.14285714285714285,0.06346826586706647,175,175,0,20,2000,42,circular_market_calendar_blocks_with_valid_count_weights,primary,1.0,False,False,48,unadjusted_95_percent_percentile,chronological_2026,retrospective_CafeF_proxy_not_executable_pnl
20,10.0,S3,S2,abs_error_common,0.042992216114990836,0.06177590897697243,-0.018783692861981595,-0.05181471758295964,0.014776769221725009,0.26786606696651677,175,175,0,20,2000,42,circular_market_calendar_blocks_with_valid_count_weights,primary,1.0,False,False,48,unadjusted_95_percent_percentile,chronological_2026,retrospective_CafeF_proxy_not_executable_pnl
20,10.0,S3,S2,breach_common,0.2857142857142857,0.7085714285714285,-0.4228571428571429,-0.6342857142857142,-0.2057142857142857,0.0004997501249375312,175,175,0,20,2000,42,circular_market_calendar_blocks_with_valid_count_weights,primary,0.0239880059970015,True,True,48,unadjusted_95_percent_percentile,chronological_2026,retrospective_CafeF_proxy_not_executable_pnl
20,10.0,EM_S3,EM_S2,abs_error_common,0.042992216114990836,0.0435458069513028,-0.0005535908363119745,-0.0010250700234521886,0.00016124268918836894,0.0559720139930035,175,175,0,20,2000,42,circular_market_calendar_blocks_with_valid_count_weights,primary,1.0,False,False,48,unadjusted_95_percent_percentile,chronological_2026,retrospective_CafeF_proxy_not_executable_pnl
20,10.0,EM_S3,EM_S2,breach_common,0.2857142857142857,0.2857142857142857,0.0,0.0,0.0,1.0,175,175,0,20,2000,42,circular_market_calendar_blocks_with_valid_count_weights,primary,1.0,False,False,48,unadjusted_95_percent_percentile,chronological_2026,retrospective_CafeF_proxy_not_executable_pnl
20,10.0,S3,BLIND_S2,abs_error_common,0.042992216114990836,0.04345716435616718,-0.00046494824117634573,-0.005333256855855154,0.004890845256913499,0.863568215892054,175,175,0,20,2000,42,circular_market_calendar_blocks_with_valid_count_weights,primary,1.0,False,False,48,unadjusted_95_percent_percentile,chronological_2026,retrospective_CafeF_proxy_not_executable_pnl
20,10.0,S3,BLIND_S2,breach_common,0.2857142857142857,0.21714285714285714,0.06857142857142857,0.005714285714285714,0.14285714285714285,0.06346826586706647,175,175,0,20,2000,42,circular_market_calendar_blocks_with_valid_count_weights,primary,1.0,False,False,48,unadjusted_95_percent_percentile,chronological_2026,retrospective_CafeF_proxy_not_executable_pnl
20,25.0,S3,S2,abs_error_common,0.0429670142687629,0.06174332355659295,-0.01877630928783004,-0.051746917424440375,0.014804324289773558,0.26786606696651677,175,175,0,20,2000,42,circular_market_calendar_blocks_with_valid_count_weights,primary,1.0,False,False,48,unadjusted_95_percent_percentile,chronological_2026,retrospective_CafeF_proxy_not_executable_pnl
20,25.0,S3,S2,breach_common,0.2857142857142857,0.7085714285714285,-0.4228571428571429,-0.6342857142857142,-0.2057142857142857,0.0004997501249375312,175,175,0,20,2000,42,circular_market_calendar_blocks_with_valid_count_weights,primary,0.0239880059970015,True,True,48,unadjusted_95_percent_percentile,chronological_2026,retrospective_CafeF_proxy_not_executable_pnl
20,25.0,EM_S3,EM_S2,abs_error_common,0.0429670142687629,0.04352547307887824,-0.0005584588101153292,-0.0010308192518660327,0.00015770040472171405,0.05347326336831584,175,175,0,20,2000,42,circular_market_calendar_blocks_with_valid_count_weights,primary,1.0,False,False,48,unadjusted_95_percent_percentile,chronological_2026,retrospective_CafeF_proxy_not_executable_pnl
20,25.0,EM_S3,EM_S2,breach_common,0.2857142857142857,0.28,0.005714285714285714,0.0,0.017142857142857144,0.6291854072963519,175,175,0,20,2000,42,circular_market_calendar_blocks_with_valid_count_weights,primary,1.0,False,False,48,unadjusted_95_percent_percentile,chronological_2026,retrospective_CafeF_proxy_not_executable_pnl
20,25.0,S3,BLIND_S2,abs_error_common,0.0429670142687629,0.04343823324664768,-0.0004712189778847789,-0.005330344656608541,0.004868639101157769,0.8610694652673663,175,175,0,20,2000,42,circular_market_calendar_blocks_with_valid_count_weights,primary,1.0,False,False,48,unadjusted_95_percent_percentile,chronological_2026,retrospective_CafeF_proxy_not_executable_pnl
20,25.0,S3,BLIND_S2,breach_common,0.2857142857142857,0.21714285714285714,0.06857142857142857,0.005714285714285714,0.14285714285714285,0.06346826586706647,175,175,0,20,2000,42,circular_market_calendar_blocks_with_valid_count_weights,primary,1.0,False,False,48,unadjusted_95_percent_percentile,chronological_2026,retrospective_CafeF_proxy_not_executable_pnl
20,50.0,S3,S2,abs_error_common,0.042920358764688894,0.0616976715784089,-0.018777312813720016,-0.05164567818450876,0.014811698934941896,0.26786606696651677,175,175,0,20,2000,42,circular_market_calendar_blocks_with_valid_count_weights,primary,1.0,False,False,48,unadjusted_95_percent_percentile,chronological_2026,retrospective_CafeF_proxy_not_executable_pnl
20,50.0,S3,S2,breach_common,0.2857142857142857,0.7085714285714285,-0.4228571428571429,-0.6342857142857142,-0.2057142857142857,0.0004997501249375312,175,175,0,20,2000,42,circular_market_calendar_blocks_with_valid_count_weights,primary,0.0239880059970015,True,True,48,unadjusted_95_percent_percentile,chronological_2026,retrospective_CafeF_proxy_not_executable_pnl
20,50.0,EM_S3,EM_S2,abs_error_common,0.042920358764688894,0.04348746003846619,-0.0005671012737772993,-0.0010428447638677187,0.00015107603279682958,0.05247376311844078,175,175,0,20,2000,42,circular_market_calendar_blocks_with_valid_count_weights,primary,1.0,False,False,48,unadjusted_95_percent_percentile,chronological_2026,retrospective_CafeF_proxy_not_executable_pnl
20,50.0,EM_S3,EM_S2,breach_common,0.2857142857142857,0.28,0.005714285714285714,0.0,0.017142857142857144,0.6291854072963519,175,175,0,20,2000,42,circular_market_calendar_blocks_with_valid_count_weights,primary,1.0,False,False,48,unadjusted_95_percent_percentile,chronological_2026,retrospective_CafeF_proxy_not_executable_pnl
20,50.0,S3,BLIND_S2,abs_error_common,0.042920358764688894,0.04340131632896164,-0.00048095756427275386,-0.005324190926510861,0.00481848452841907,0.8575712143928036,175,175,0,20,2000,42,circular_market_calendar_blocks_with_valid_count_weights,primary,1.0,False,False,48,unadjusted_95_percent_percentile,chronological_2026,retrospective_CafeF_proxy_not_executable_pnl
20,50.0,S3,BLIND_S2,breach_common,0.2857142857142857,0.21714285714285714,0.06857142857142857,0.005714285714285714,0.14285714285714285,0.06346826586706647,175,175,0,20,2000,42,circular_market_calendar_blocks_with_valid_count_weights,primary,1.0,False,False,48,unadjusted_95_percent_percentile,chronological_2026,retrospective_CafeF_proxy_not_executable_pnl
5,0.0,S3,S2,abs_error_common,0.03987136259007944,0.06118504808392708,-0.021313685493847635,-0.05247727073224875,0.017535600524479437,0.2913543228385807,175,175,0,60,2000,42,circular_market_calendar_blocks_with_valid_count_weights,sensitivity,1.0,False,False,48,unadjusted_95_percent_percentile,chronological_2026,retrospective_CafeF_proxy_not_executable_pnl
5,0.0,S3,S2,breach_common,0.3028571428571429,0.7142857142857143,-0.4114285714285714,-0.6285714285714286,-0.18285714285714286,0.0004997501249375312,175,175,0,60,2000,42,circular_market_calendar_blocks_with_valid_count_weights,sensitivity,0.0239880059970015,True,True,48,unadjusted_95_percent_percentile,chronological_2026,retrospective_CafeF_proxy_not_executable_pnl
5,0.0,EM_S3,EM_S2,abs_error_common,0.03987136259007982,0.040395167109048315,-0.0005238045189685035,-0.0009786932954300872,-5.952217849308355e-07,0.03248375812093953,175,175,0,60,2000,42,circular_market_calendar_blocks_with_valid_count_weights,sensitivity,1.0,False,False,48,unadjusted_95_percent_percentile,chronological_2026,retrospective_CafeF_proxy_not_executable_pnl
5,0.0,EM_S3,EM_S2,breach_common,0.3028571428571429,0.29714285714285715,0.005714285714285714,0.0,0.017142857142857144,0.5627186406796602,175,175,0,60,2000,42,circular_market_calendar_blocks_with_valid_count_weights,sensitivity,1.0,False,False,48,unadjusted_95_percent_percentile,chronological_2026,retrospective_CafeF_proxy_not_executable_pnl
5,0.0,S3,BLIND_S2,abs_error_common,0.03987136259007944,0.0389587588879951,0.0009126037020843417,-0.0014654588385228297,0.003850074153878888,0.5107446276861569,175,175,0,60,2000,42,circular_market_calendar_blocks_with_valid_count_weights,sensitivity,1.0,False,False,48,unadjusted_95_percent_percentile,chronological_2026,retrospective_CafeF_proxy_not_executable_pnl
5,0.0,S3,BLIND_S2,breach_common,0.3028571428571429,0.26285714285714284,0.04,0.0,0.09142857142857143,0.16441779110444776,175,175,0,60,2000,42,circular_market_calendar_blocks_with_valid_count_weights,sensitivity,1.0,False,False,48,unadjusted_95_percent_percentile,chronological_2026,retrospective_CafeF_proxy_not_executable_pnl
5,10.0,S3,S2,abs_error_common,0.03984831602186018,0.06118035270850303,-0.02133203668664285,-0.0525429547881226,0.017493014068590242,0.2913543228385807,175,175,0,60,2000,42,circular_market_calendar_blocks_with_valid_count_weights,sensitivity,1.0,False,False,48,unadjusted_95_percent_percentile,chronological_2026,retrospective_CafeF_proxy_not_executable_pnl
5,10.0,S3,S2,breach_common,0.3028571428571429,0.7142857142857143,-0.4114285714285714,-0.6285714285714286,-0.18285714285714286,0.0004997501249375312,175,175,0,60,2000,42,circular_market_calendar_blocks_with_valid_count_weights,sensitivity,0.0239880059970015,True,True,48,unadjusted_95_percent_percentile,chronological_2026,retrospective_CafeF_proxy_not_executable_pnl
5,10.0,EM_S3,EM_S2,abs_error_common,0.039848316021859974,0.04037241143547185,-0.0005240954136118668,-0.0009804774047998135,-3.2175549647777995e-06,0.03298350824587706,175,175,0,60,2000,42,circular_market_calendar_blocks_with_valid_count_weights,sensitivity,1.0,False,False,48,unadjusted_95_percent_percentile,chronological_2026,retrospective_CafeF_proxy_not_executable_pnl
5,10.0,EM_S3,EM_S2,breach_common,0.3028571428571429,0.29714285714285715,0.005714285714285714,0.0,0.017142857142857144,0.5627186406796602,175,175,0,60,2000,42,circular_market_calendar_blocks_with_valid_count_weights,sensitivity,1.0,False,False,48,unadjusted_95_percent_percentile,chronological_2026,retrospective_CafeF_proxy_not_executable_pnl
5,10.0,S3,BLIND_S2,abs_error_common,0.03984831602186018,0.0389457087257424,0.0009026072961177702,-0.00147352902499623,0.0038385321231710935,0.5157421289355323,175,175,0,60,2000,42,circular_market_calendar_blocks_with_valid_count_weights,sensitivity,1.0,False,False,48,unadjusted_95_percent_percentile,chronological_2026,retrospective_CafeF_proxy_not_executable_pnl
5,10.0,S3,BLIND_S2,breach_common,0.3028571428571429,0.26285714285714284,0.04,0.0,0.09142857142857143,0.16441779110444776,175,175,0,60,2000,42,circular_market_calendar_blocks_with_valid_count_weights,sensitivity,1.0,False,False,48,unadjusted_95_percent_percentile,chronological_2026,retrospective_CafeF_proxy_not_executable_pnl
5,25.0,S3,S2,abs_error_common,0.03981231230959356,0.061085382304716926,-0.02127306999512337,-0.05253118501343444,0.017542361403082414,0.29235382308845576,175,175,0,60,2000,42,circular_market_calendar_blocks_with_valid_count_weights,sensitivity,1.0,False,False,48,unadjusted_95_percent_percentile,chronological_2026,retrospective_CafeF_proxy_not_executable_pnl
5,25.0,S3,S2,breach_common,0.3028571428571429,0.7142857142857143,-0.4114285714285714,-0.6285714285714286,-0.18285714285714286,0.0004997501249375312,175,175,0,60,2000,42,circular_market_calendar_blocks_with_valid_count_weights,sensitivity,0.0239880059970015,True,True,48,unadjusted_95_percent_percentile,chronological_2026,retrospective_CafeF_proxy_not_executable_pnl
5,25.0,EM_S3,EM_S2,abs_error_common,0.03981231230959347,0.040336614941996904,-0.0005243026324034423,-0.0009805445413383527,-4.9910968853447e-06,0.03248375812093953,175,175,0,60,2000,42,circular_market_calendar_blocks_with_valid_count_weights,sensitivity,1.0,False,False,48,unadjusted_95_percent_percentile,chronological_2026,retrospective_CafeF_proxy_not_executable_pnl
5,25.0,EM_S3,EM_S2,breach_common,0.3028571428571429,0.29714285714285715,0.005714285714285714,0.0,0.017142857142857144,0.5627186406796602,175,175,0,60,2000,42,circular_market_calendar_blocks_with_valid_count_weights,sensitivity,1.0,False,False,48,unadjusted_95_percent_percentile,chronological_2026,retrospective_CafeF_proxy_not_executable_pnl
5,25.0,S3,BLIND_S2,abs_error_common,0.03981231230959356,0.038924995891230614,0.0008873164183629417,-0.0014621550244048528,0.0038123029255811495,0.5232383808095952,175,175,0,60,2000,42,circular_market_calendar_blocks_with_valid_count_weights,sensitivity,1.0,False,False,48,unadjusted_95_percent_percentile,chronological_2026,retrospective_CafeF_proxy_not_executable_pnl
5,25.0,S3,BLIND_S2,breach_common,0.3028571428571429,0.2571428571428571,0.045714285714285714,0.0,0.10285714285714286,0.15692153923038482,175,175,0,60,2000,42,circular_market_calendar_blocks_with_valid_count_weights,sensitivity,1.0,False,False,48,unadjusted_95_percent_percentile,chronological_2026,retrospective_CafeF_proxy_not_executable_pnl
5,50.0,S3,S2,abs_error_common,0.039748495265485795,0.0609474857099968,-0.021198990444511012,-0.05258226531581456,0.01759730472535286,0.2943528235882059,175,175,0,60,2000,42,circular_market_calendar_blocks_with_valid_count_weights,sensitivity,1.0,False,False,48,unadjusted_95_percent_percentile,chronological_2026,retrospective_CafeF_proxy_not_executable_pnl
5,50.0,S3,S2,breach_common,0.3028571428571429,0.7142857142857143,-0.4114285714285714,-0.6285714285714286,-0.18285714285714286,0.0004997501249375312,175,175,0,60,2000,42,circular_market_calendar_blocks_with_valid_count_weights,sensitivity,0.0239880059970015,True,True,48,unadjusted_95_percent_percentile,chronological_2026,retrospective_CafeF_proxy_not_executable_pnl
5,50.0,EM_S3,EM_S2,abs_error_common,0.039748495265485705,0.04027253002056945,-0.000524034755083746,-0.0009772676575779157,-7.342331453997662e-06,0.031984007996002,175,175,0,60,2000,42,circular_market_calendar_blocks_with_valid_count_weights,sensitivity,1.0,False,False,48,unadjusted_95_percent_percentile,chronological_2026,retrospective_CafeF_proxy_not_executable_pnl
5,50.0,EM_S3,EM_S2,breach_common,0.3028571428571429,0.29714285714285715,0.005714285714285714,0.0,0.017142857142857144,0.5627186406796602,175,175,0,60,2000,42,circular_market_calendar_blocks_with_valid_count_weights,sensitivity,1.0,False,False,48,unadjusted_95_percent_percentile,chronological_2026,retrospective_CafeF_proxy_not_executable_pnl
5,50.0,S3,BLIND_S2,abs_error_common,0.039748495265485795,0.03888968145237509,0.0008588138131106973,-0.0014663692633363683,0.0037779276963853512,0.5337331334332833,175,175,0,60,2000,42,circular_market_calendar_blocks_with_valid_count_weights,sensitivity,1.0,False,False,48,unadjusted_95_percent_percentile,chronological_2026,retrospective_CafeF_proxy_not_executable_pnl
5,50.0,S3,BLIND_S2,breach_common,0.3028571428571429,0.25142857142857145,0.05142857142857143,0.0,0.11428571428571428,0.15542228885557222,175,175,0,60,2000,42,circular_market_calendar_blocks_with_valid_count_weights,sensitivity,1.0,False,False,48,unadjusted_95_percent_percentile,chronological_2026,retrospective_CafeF_proxy_not_executable_pnl
20,0.0,S3,S2,abs_error_common,0.04300785500167627,0.06181340422088852,-0.018805549219212247,-0.05070123149785934,0.019240839510059296,0.35082458770614694,175,175,0,60,2000,42,circular_market_calendar_blocks_with_valid_count_weights,sensitivity,1.0,False,False,48,unadjusted_95_percent_percentile,chronological_2026,retrospective_CafeF_proxy_not_executable_pnl
20,0.0,S3,S2,breach_common,0.2857142857142857,0.7085714285714285,-0.4228571428571429,-0.64,-0.2,0.0004997501249375312,175,175,0,60,2000,42,circular_market_calendar_blocks_with_valid_count_weights,sensitivity,0.0239880059970015,True,True,48,unadjusted_95_percent_percentile,chronological_2026,retrospective_CafeF_proxy_not_executable_pnl
20,0.0,EM_S3,EM_S2,abs_error_common,0.04300785500167627,0.043558423742182245,-0.0005505687405059777,-0.0010033060614452213,-6.10098064475837e-06,0.027486256871564217,175,175,0,60,2000,42,circular_market_calendar_blocks_with_valid_count_weights,sensitivity,1.0,False,False,48,unadjusted_95_percent_percentile,chronological_2026,retrospective_CafeF_proxy_not_executable_pnl
20,0.0,EM_S3,EM_S2,breach_common,0.2857142857142857,0.2857142857142857,0.0,0.0,0.0,1.0,175,175,0,60,2000,42,circular_market_calendar_blocks_with_valid_count_weights,sensitivity,1.0,False,False,48,unadjusted_95_percent_percentile,chronological_2026,retrospective_CafeF_proxy_not_executable_pnl
20,0.0,S3,BLIND_S2,abs_error_common,0.04300785500167627,0.04346844271751519,-0.00046058771583891575,-0.004395768874282434,0.0034607101712900564,0.7971014492753623,175,175,0,60,2000,42,circular_market_calendar_blocks_with_valid_count_weights,sensitivity,1.0,False,False,48,unadjusted_95_percent_percentile,chronological_2026,retrospective_CafeF_proxy_not_executable_pnl
20,0.0,S3,BLIND_S2,breach_common,0.2857142857142857,0.21714285714285714,0.06857142857142857,0.0,0.1657142857142857,0.15892053973013492,175,175,0,60,2000,42,circular_market_calendar_blocks_with_valid_count_weights,sensitivity,1.0,False,False,48,unadjusted_95_percent_percentile,chronological_2026,retrospective_CafeF_proxy_not_executable_pnl
20,10.0,S3,S2,abs_error_common,0.042992216114990836,0.06177590897697243,-0.018783692861981595,-0.0507079120223074,0.01927285147562518,0.35132433783108447,175,175,0,60,2000,42,circular_market_calendar_blocks_with_valid_count_weights,sensitivity,1.0,False,False,48,unadjusted_95_percent_percentile,chronological_2026,retrospective_CafeF_proxy_not_executable_pnl
20,10.0,S3,S2,breach_common,0.2857142857142857,0.7085714285714285,-0.4228571428571429,-0.64,-0.2,0.0004997501249375312,175,175,0,60,2000,42,circular_market_calendar_blocks_with_valid_count_weights,sensitivity,0.0239880059970015,True,True,48,unadjusted_95_percent_percentile,chronological_2026,retrospective_CafeF_proxy_not_executable_pnl
20,10.0,EM_S3,EM_S2,abs_error_common,0.042992216114990836,0.0435458069513028,-0.0005535908363119745,-0.0010075740915007649,-8.358803530513891e-06,0.026986506746626688,175,175,0,60,2000,42,circular_market_calendar_blocks_with_valid_count_weights,sensitivity,1.0,False,False,48,unadjusted_95_percent_percentile,chronological_2026,retrospective_CafeF_proxy_not_executable_pnl
20,10.0,EM_S3,EM_S2,breach_common,0.2857142857142857,0.2857142857142857,0.0,0.0,0.0,1.0,175,175,0,60,2000,42,circular_market_calendar_blocks_with_valid_count_weights,sensitivity,1.0,False,False,48,unadjusted_95_percent_percentile,chronological_2026,retrospective_CafeF_proxy_not_executable_pnl
20,10.0,S3,BLIND_S2,abs_error_common,0.042992216114990836,0.04345716435616718,-0.00046494824117634573,-0.00438838483671264,0.0034506719352269915,0.7951024487756122,175,175,0,60,2000,42,circular_market_calendar_blocks_with_valid_count_weights,sensitivity,1.0,False,False,48,unadjusted_95_percent_percentile,chronological_2026,retrospective_CafeF_proxy_not_executable_pnl
20,10.0,S3,BLIND_S2,breach_common,0.2857142857142857,0.21714285714285714,0.06857142857142857,0.0,0.1657142857142857,0.15892053973013492,175,175,0,60,2000,42,circular_market_calendar_blocks_with_valid_count_weights,sensitivity,1.0,False,False,48,unadjusted_95_percent_percentile,chronological_2026,retrospective_CafeF_proxy_not_executable_pnl
20,25.0,S3,S2,abs_error_common,0.0429670142687629,0.06174332355659295,-0.01877630928783004,-0.05076000983960763,0.0193128457610977,0.3523238380809595,175,175,0,60,2000,42,circular_market_calendar_blocks_with_valid_count_weights,sensitivity,1.0,False,False,48,unadjusted_95_percent_percentile,chronological_2026,retrospective_CafeF_proxy_not_executable_pnl
20,25.0,S3,S2,breach_common,0.2857142857142857,0.7085714285714285,-0.4228571428571429,-0.64,-0.2,0.0004997501249375312,175,175,0,60,2000,42,circular_market_calendar_blocks_with_valid_count_weights,sensitivity,0.0239880059970015,True,True,48,unadjusted_95_percent_percentile,chronological_2026,retrospective_CafeF_proxy_not_executable_pnl
20,25.0,EM_S3,EM_S2,abs_error_common,0.0429670142687629,0.04352547307887824,-0.0005584588101153292,-0.0010136671480484485,-1.2501350798500485e-05,0.025487256371814093,175,175,0,60,2000,42,circular_market_calendar_blocks_with_valid_count_weights,sensitivity,0.9940029985007497,False,False,48,unadjusted_95_percent_percentile,chronological_2026,retrospective_CafeF_proxy_not_executable_pnl
20,25.0,EM_S3,EM_S2,breach_common,0.2857142857142857,0.28,0.005714285714285714,0.0,0.017142857142857144,0.5627186406796602,175,175,0,60,2000,42,circular_market_calendar_blocks_with_valid_count_weights,sensitivity,1.0,False,False,48,unadjusted_95_percent_percentile,chronological_2026,retrospective_CafeF_proxy_not_executable_pnl
20,25.0,S3,BLIND_S2,abs_error_common,0.0429670142687629,0.04343823324664768,-0.0004712189778847789,-0.004375923226246358,0.0034347849732460334,0.7951024487756122,175,175,0,60,2000,42,circular_market_calendar_blocks_with_valid_count_weights,sensitivity,1.0,False,False,48,unadjusted_95_percent_percentile,chronological_2026,retrospective_CafeF_proxy_not_executable_pnl
20,25.0,S3,BLIND_S2,breach_common,0.2857142857142857,0.21714285714285714,0.06857142857142857,0.0,0.1657142857142857,0.15892053973013492,175,175,0,60,2000,42,circular_market_calendar_blocks_with_valid_count_weights,sensitivity,1.0,False,False,48,unadjusted_95_percent_percentile,chronological_2026,retrospective_CafeF_proxy_not_executable_pnl
20,50.0,S3,S2,abs_error_common,0.042920358764688894,0.0616976715784089,-0.018777312813720016,-0.05078115187978341,0.01937510765327063,0.3543228385807096,175,175,0,60,2000,42,circular_market_calendar_blocks_with_valid_count_weights,sensitivity,1.0,False,False,48,unadjusted_95_percent_percentile,chronological_2026,retrospective_CafeF_proxy_not_executable_pnl
20,50.0,S3,S2,breach_common,0.2857142857142857,0.7085714285714285,-0.4228571428571429,-0.64,-0.2,0.0004997501249375312,175,175,0,60,2000,42,circular_market_calendar_blocks_with_valid_count_weights,sensitivity,0.0239880059970015,True,True,48,unadjusted_95_percent_percentile,chronological_2026,retrospective_CafeF_proxy_not_executable_pnl
20,50.0,EM_S3,EM_S2,abs_error_common,0.042920358764688894,0.04348746003846619,-0.0005671012737772993,-0.0010243146144718203,-2.0694074379103563e-05,0.021989005497251374,175,175,0,60,2000,42,circular_market_calendar_blocks_with_valid_count_weights,sensitivity,0.879560219890055,False,False,48,unadjusted_95_percent_percentile,chronological_2026,retrospective_CafeF_proxy_not_executable_pnl
20,50.0,EM_S3,EM_S2,breach_common,0.2857142857142857,0.28,0.005714285714285714,0.0,0.017142857142857144,0.5627186406796602,175,175,0,60,2000,42,circular_market_calendar_blocks_with_valid_count_weights,sensitivity,1.0,False,False,48,unadjusted_95_percent_percentile,chronological_2026,retrospective_CafeF_proxy_not_executable_pnl
20,50.0,S3,BLIND_S2,abs_error_common,0.042920358764688894,0.04340131632896164,-0.00048095756427275386,-0.0043514320663428155,0.003406704914508849,0.7901049475262368,175,175,0,60,2000,42,circular_market_calendar_blocks_with_valid_count_weights,sensitivity,1.0,False,False,48,unadjusted_95_percent_percentile,chronological_2026,retrospective_CafeF_proxy_not_executable_pnl
20,50.0,S3,BLIND_S2,breach_common,0.2857142857142857,0.21714285714285714,0.06857142857142857,0.0,0.1657142857142857,0.15892053973013492,175,175,0,60,2000,42,circular_market_calendar_blocks_with_valid_count_weights,sensitivity,1.0,False,False,48,unadjusted_95_percent_percentile,chronological_2026,retrospective_CafeF_proxy_not_executable_pnl
