horizon,policy,cost_bps_per_turnover,proxy_cagr,proxy_annual_volatility,proxy_sharpe_secondary,proxy_sortino,proxy_max_drawdown,proxy_cvar_95_daily_loss,proxy_total_turnover,proxy_annualized_turnover,proxy_total_cost,proxy_cost_share_initial_nav,proxy_n_trades,n_sessions,n_observed_return_dates,n_observed_risk_windows,target_vol_mae_observed,target_vol_breach_observed,mean_executed_gross,mean_protected_exposure,n_stale_valuation_dates,executable_pnl_verified,safe_skip_permitted,evidence_status
5,S0,0.0,0.09300806131915418,0.22177536480580318,0.5187991288103675,0.7106742528102764,-0.29863165334448305,0.034534213319449,10.087349629940961,2.715110134366939,0.0,0.0,5500.0,922,889,705,0.05856590180512772,0.6170212765957447,0.8129941544982394,0.044001505799035695,20,False,False,retrospective_CafeF_proxy_not_executable_pnl
5,S0,10.0,0.09007360072464632,0.22183400398879236,0.5064106986109451,0.6934491739991683,-0.30049499716175554,0.03454911566318074,10.164664836012452,2.7359202883961298,13599138.511566088,0.013599138511566088,5880.0,922,889,705,0.058572152901262935,0.6170212765957447,0.8130639047237835,0.04406914371805315,20,False,False,retrospective_CafeF_proxy_not_executable_pnl
5,S0,25.0,0.08565465155817154,0.2218490921557436,0.48779358354939073,0.6675131640947555,-0.3030103765782163,0.03456387244264686,10.170802326178475,2.737572254706476,33749134.8605807,0.0337491348605807,5919.0,922,889,705,0.05856026728016777,0.624113475177305,0.8131675629674746,0.04411580602395719,20,False,False,retrospective_CafeF_proxy_not_executable_pnl
5,S0,50.0,0.07834082315100255,0.22188046165303613,0.45681288777357093,0.6244221003883529,-0.3071835892518894,0.03458848950967298,10.167516320387412,2.7366877936783363,66600879.54887591,0.06660087954887592,5912.0,922,889,705,0.05856030855311294,0.624113475177305,0.8133297697868511,0.04419341286906464,20,False,False,retrospective_CafeF_proxy_not_executable_pnl
5,S1,0.0,0.10366953345183183,0.21406926619817446,0.5756995031824614,0.7849457772544741,-0.26311459975111706,0.03341857555371822,14.871238000197776,4.002741105064287,0.0,0.0,5257.0,922,889,705,0.05781770576091184,0.5829787234042553,0.8675961057766398,0.03672715967971561,20,False,False,retrospective_CafeF_proxy_not_executable_pnl
5,S1,10.0,0.0996046972359852,0.2141099209444383,0.5581262574350004,0.760500472904142,-0.26583000485503194,0.033442075935213283,15.203818003539958,4.092258309353699,19882619.027451817,0.019882619027451816,6399.0,922,889,705,0.057873402632623576,0.5843971631205673,0.8675042531866614,0.03678909484538493,20,False,False,retrospective_CafeF_proxy_not_executable_pnl
5,S1,25.0,0.0929479900063932,0.21411106514945097,0.5293176490092665,0.7205147148951916,-0.27044979007596304,0.03345951607514427,15.20274868304757,4.0919704911445285,49113444.49175891,0.04911344449175891,6409.0,922,889,705,0.05786420972518973,0.5843971631205673,0.867627629938062,0.03683060887206822,20,False,False,retrospective_CafeF_proxy_not_executable_pnl
5,S1,50.0,0.08187467076720734,0.21411270225923215,0.4810071256931473,0.6535994635273769,-0.2780763127337883,0.03348841734881128,15.192380961619495,4.089179916161769,96236152.14839083,0.09623615214839083,6401.0,922,889,705,0.05783113442970799,0.5858156028368794,0.867828643532268,0.03690020549409943,20,False,False,retrospective_CafeF_proxy_not_executable_pnl
5,S2,0.0,0.09206177854971465,0.2076374145204143,0.535208141012773,0.7269379208766467,-0.255933836842721,0.03254254479120285,18.33092103191823,4.933949083941145,0.0,0.0,5257.0,922,889,705,0.05494802209379057,0.6297872340425532,0.8681632837648827,0.03645070767148754,20,False,False,retrospective_CafeF_proxy_not_executable_pnl
5,S2,10.0,0.08693787578690171,0.20769385250299524,0.5121202025896278,0.6949423275980322,-0.259412913608997,0.032570558232461334,18.593443453644312,5.004609595757985,24035081.772604905,0.024035081772604903,6161.0,922,889,705,0.05496850029196394,0.6312056737588653,0.8681611916585517,0.036528977006443704,20,False,False,retrospective_CafeF_proxy_not_executable_pnl
5,S2,25.0,0.07885601293605915,0.20772707123027953,0.47558084421231184,0.6443901704660313,-0.2650055922044373,0.032607263907390625,18.58660047972041,5.002767741501754,59202902.03095762,0.05920290203095762,6162.0,922,889,705,0.05496219447336988,0.6312056737588653,0.8683193983599802,0.036584919332220675,20,False,False,retrospective_CafeF_proxy_not_executable_pnl
5,S2,50.0,0.06553132234967629,0.20780180097737297,0.4147451285649319,0.5605525261689832,-0.27425888620765426,0.03269252842628852,18.58698671242844,5.0028716998632925,115605650.87795231,0.11560565087795231,6183.0,922,889,705,0.05495471870504841,0.624113475177305,0.8685841591683803,0.036678494854827465,20,False,False,retrospective_CafeF_proxy_not_executable_pnl
5,S3,0.0,0.0429400524370378,0.1386675337372416,0.3777638487851488,0.49670990103447415,-0.18848660393814787,0.02208012085441973,14.336538921749987,3.858821548392913,0.0,0.0,5257.0,922,889,705,0.0429407487382448,0.2397163120567376,0.5794664593876442,0.022660067304327368,20,False,False,retrospective_CafeF_proxy_not_executable_pnl
5,S3,10.0,0.03893593777745563,0.13866634903342154,0.34959389262005364,0.45915689233209256,-0.19255077424599032,0.022096963520432958,14.336663782937462,3.858855156019092,16618881.279406313,0.016618881279406313,5257.0,922,889,705,0.042961005125076356,0.2397163120567376,0.5795305260059266,0.022678883460802445,20,False,False,retrospective_CafeF_proxy_not_executable_pnl
5,S3,25.0,0.03295746986799086,0.13867112821204616,0.3073230926722691,0.40296911416606895,-0.19861033718989618,0.02212293341439882,14.33685251723296,3.858905955725379,41101802.47826927,0.04110180247826927,5257.0,922,889,705,0.042987293697825495,0.2397163120567376,0.5796267110033755,0.02270716863689672,20,False,False,retrospective_CafeF_proxy_not_executable_pnl
5,S3,50.0,0.02306679424750535,0.13869658258799328,0.2368471982240171,0.3097081555358299,-0.2086125212227532,0.02217103050480854,14.337169275791561,3.8589912144310006,80746437.51720324,0.08074643751720324,5257.0,922,889,705,0.04302164666223624,0.24113475177304963,0.5797872470936524,0.02275447387463755,20,False,False,retrospective_CafeF_proxy_not_executable_pnl
5,S4,0.0,0.030596214028961732,0.11543964574380013,0.32340137510113476,0.4159072850096059,-0.18529826469725053,0.018315080030209454,14.693992695709705,3.9550337745821444,0.0,0.0,5257.0,922,889,705,0.056399545698603996,0.05673758865248227,0.48420416440170266,0.01806881359119827,20,False,False,retrospective_CafeF_proxy_not_executable_pnl
5,S4,10.0,0.026536550281097915,0.11542399820691406,0.2887035681651329,0.3707871340585544,-0.1899292548825544,0.018334021872184837,14.694691402340059,3.9552218383969833,16622741.99111022,0.01662274199111022,5257.0,922,889,705,0.056403757492761886,0.05673758865248227,0.48426149859695294,0.018084895249739025,20,False,False,retrospective_CafeF_proxy_not_executable_pnl
5,S4,25.0,0.02047512774870852,0.11541011194528941,0.23661387067156875,0.30328687097582685,-0.19682845654905,0.018362447578486124,14.695753913512641,3.9555078238102377,41107873.42839321,0.041107873428393206,5257.0,922,889,705,0.05640247479714063,0.05673758865248227,0.48434759168716335,0.018109078172313133,20,False,False,retrospective_CafeF_proxy_not_executable_pnl
5,S4,50.0,0.010447162805028443,0.11541255118356965,0.149721249216293,0.1912883183114901,-0.20820215885585092,0.018409858337803404,14.697544751487133,3.955989845601087,80747160.78556117,0.08074716078556117,5257.0,922,889,705,0.05638387372207844,0.05673758865248227,0.48449132626381525,0.01814954509260566,20,False,False,retrospective_CafeF_proxy_not_executable_pnl
5,EM_S2,0.0,0.041784926485550544,0.13771989427301456,0.371237051696168,0.48754158126854463,-0.18789810350986447,0.02193741350330283,13.777541207853153,3.7083617731528107,0.0,0.0,5257.0,922,889,705,0.04330348794229273,0.23687943262411348,0.5795347436135684,0.022727378176094375,20,False,False,retrospective_CafeF_proxy_not_executable_pnl
5,EM_S2,10.0,0.037941342590807725,0.13772035878850836,0.3439798947375045,0.4512611079474381,-0.19167231336719615,0.021952581765850614,13.777559584878848,3.708366719511422,15925401.132114701,0.0159254011321147,5257.0,922,889,705,0.0433209849421544,0.23829787234042554,0.579595300422965,0.022745096221653688,20,False,False,retrospective_CafeF_proxy_not_executable_pnl
5,EM_S2,25.0,0.032201592707403526,0.13772735415815499,0.3030809461071431,0.39697363692898335,-0.19730187407445565,0.02197743929151442,13.777591997930928,3.7083754438056533,39402798.08532946,0.03940279808532946,5257.0,922,889,705,0.043343672216218376,0.23546099290780143,0.5796862084061655,0.022771725588464027,20,False,False,retrospective_CafeF_proxy_not_executable_pnl
5,EM_S2,50.0,0.02270325571326426,0.13775581310633309,0.23489719786827376,0.30685575092377265,-0.20660041073860202,0.02202912932365872,13.777669490782392,3.708396301774701,77461116.84928283,0.07746111684928284,5257.0,922,889,705,0.04337303972614017,0.23829787234042554,0.579837916949515,0.022816248036050882,20,False,False,retrospective_CafeF_proxy_not_executable_pnl
5,EM_S3,0.0,0.04294005243703802,0.1386675337372415,0.3777638487851485,0.4967099010344734,-0.18848660393814798,0.022080120854419738,14.336538921749987,3.858821548392913,0.0,0.0,5257.0,922,889,705,0.04294074873824497,0.2397163120567376,0.5794664593876442,0.022660067304327368,20,False,False,retrospective_CafeF_proxy_not_executable_pnl
5,EM_S3,10.0,0.038935937777455853,0.13866634903342145,0.34959389262005364,0.4591568923320924,-0.1925507742459901,0.02209696352043295,14.33666378293746,3.8588551560190916,16618881.279406317,0.016618881279406316,5257.0,922,889,705,0.042961005125076245,0.2397163120567376,0.5795305260059266,0.02267888346080244,20,False,False,retrospective_CafeF_proxy_not_executable_pnl
5,EM_S3,25.0,0.03295746986799086,0.13867112821204614,0.3073230926722696,0.4029691141660697,-0.19861033718989607,0.02212293341439881,14.336852517232959,3.8589059557253784,41101802.47826927,0.04110180247826927,5257.0,922,889,705,0.042987293697825446,0.2397163120567376,0.5796267110033755,0.022707168636896716,20,False,False,retrospective_CafeF_proxy_not_executable_pnl
5,EM_S3,50.0,0.02306679424750535,0.13869658258799325,0.23684719822401584,0.3097081555358282,-0.2086125212227531,0.022171030504808533,14.337169275791561,3.8589912144310006,80746437.51720324,0.08074643751720324,5257.0,922,889,705,0.04302164666223622,0.24113475177304963,0.5797872470936524,0.02275447387463755,20,False,False,retrospective_CafeF_proxy_not_executable_pnl
5,BLIND_S2,0.0,0.06349154747909136,0.1329290295618736,0.5369800237551136,0.7293421166708356,-0.1685970690377394,0.020852527199988365,11.589482249662701,3.1194240174571126,0.0,0.0,5257.0,922,889,705,0.045290279248937755,0.2297872340425532,0.5565235174386273,0.023732104443253882,20,False,False,retrospective_CafeF_proxy_not_executable_pnl
5,BLIND_S2,10.0,0.06019094390010671,0.1329321035125446,0.5132214806598935,0.6963901597330591,-0.17117195344285285,0.020865452184012652,11.58936639151347,3.119392833087911,13779472.822471455,0.013779472822471455,5257.0,922,889,705,0.04531146047664096,0.2297872340425532,0.5565720317543063,0.023747572538617267,20,False,False,retrospective_CafeF_proxy_not_executable_pnl
5,BLIND_S2,25.0,0.055258737718356654,0.13294082949355215,0.47757202293914486,0.647067667605186,-0.17501957991220418,0.02088545597385521,11.589198084550384,3.11934753160061,34142824.747229144,0.03414282474722914,5257.0,922,889,705,0.0453403637877153,0.2297872340425532,0.5566448480522004,0.02377080887141702,20,False,False,retrospective_CafeF_proxy_not_executable_pnl
5,BLIND_S2,50.0,0.04708800235487476,0.1329663461980886,0.41813494821403907,0.5651482249948456,-0.18139328589746817,0.020930177030851104,11.58892581324207,3.1192742470793413,67281735.16718248,0.06728173516718247,5257.0,922,889,705,0.04538191771733512,0.2297872340425532,0.5567663285739733,0.02380962758761936,20,False,False,retrospective_CafeF_proxy_not_executable_pnl
20,S0,0.0,0.1055943328586364,0.22306503870759742,0.5691433425528044,0.7863978648696388,-0.2939283931676653,0.034479988861694344,8.860872726830092,2.3849917195834127,0.0,0.0,5500.0,922,889,705,0.06145628040609389,0.5872340425531914,0.8065840972408617,0.04828693576665518,20,False,False,retrospective_CafeF_proxy_not_executable_pnl
20,S0,10.0,0.10321645006876112,0.2231596157488388,0.5591953744300466,0.7724626545296243,-0.29531345658696406,0.03449597406113535,8.92716475621833,2.402834876351323,12085366.680079183,0.012085366680079182,5776.0,922,889,705,0.0614864591570923,0.5886524822695035,0.8066596620587166,0.048352008187875786,20,False,False,retrospective_CafeF_proxy_not_executable_pnl
20,S0,25.0,0.09928626940043617,0.22318681617442718,0.5429118105473877,0.7495250790514358,-0.29740969623863,0.034508672724285955,8.931423889352741,2.4039812642491443,30016308.43954557,0.030016308439545572,5815.0,922,889,705,0.06147489476883975,0.5886524822695035,0.8067550224751526,0.04839508000998484,20,False,False,retrospective_CafeF_proxy_not_executable_pnl
20,S0,50.0,0.09278574180752464,0.2232375158034009,0.5158526935902897,0.7114663228463902,-0.30089100437172533,0.03452983436833978,8.928522838596605,2.4032004176841637,59325586.585114166,0.059325586585114165,5807.0,922,889,705,0.06145463133858828,0.5886524822695035,0.8069006186438353,0.04846667689932474,20,False,False,retrospective_CafeF_proxy_not_executable_pnl
20,S1,0.0,0.11312328555233964,0.21444926990114976,0.6153608044549023,0.8462390953801445,-0.2634417095583891,0.03326218012061851,11.55041326980116,3.1089082142924642,0.0,0.0,5257.0,922,889,705,0.060134458056980075,0.5574468085106383,0.8606576775161735,0.0385180181843825,20,False,False,retrospective_CafeF_proxy_not_executable_pnl
20,S1,10.0,0.10989325811619444,0.214516417236891,0.6014741443549465,0.8267893625284432,-0.2657166074686941,0.03327992729611127,11.849190129710124,3.189326967484615,15721599.773030538,0.015721599773030538,6280.0,922,889,705,0.06019157940604815,0.5574468085106383,0.8605981865038668,0.0385513821546606,20,False,False,retrospective_CafeF_proxy_not_executable_pnl
20,S1,25.0,0.10462068102689925,0.21453459544231254,0.578894358442122,0.79510851166007,-0.2692441840313671,0.03329456808623117,11.849129125073933,3.189310547482133,38939106.05452059,0.03893910605452059,6291.0,922,889,705,0.06019065889455099,0.5574468085106383,0.8606980875512248,0.03858658185777027,20,False,False,retrospective_CafeF_proxy_not_executable_pnl
20,S1,50.0,0.09587694518308876,0.21457663878200275,0.5412024650835247,0.742317766803704,-0.2750823497546466,0.033320103312262504,11.841824171335123,3.187344346779774,76634092.53856342,0.07663409253856342,6293.0,922,889,705,0.06018303618466331,0.5588652482269504,0.8608647625818435,0.03864539969735428,20,False,False,retrospective_CafeF_proxy_not_executable_pnl
20,S2,0.0,0.10312870494822413,0.20623459318464343,0.5870767281288954,0.8003538496601518,-0.25098483697416796,0.032258648007812876,14.502795891149027,3.903571259574195,0.0,0.0,5257.0,922,889,705,0.054130638196614574,0.6141843971631206,0.8565242248932561,0.0369307855792694,20,False,False,retrospective_CafeF_proxy_not_executable_pnl
20,S2,10.0,0.0989863936915103,0.20624028151149723,0.5685368725451755,0.7745510742994776,-0.25401089021404766,0.032270198112818956,14.66112630529991,3.9461874598458304,18998640.846926223,0.018998640846926224,5827.0,922,889,705,0.05412542113600604,0.6156028368794326,0.856565942412019,0.036957643726589294,20,False,False,retrospective_CafeF_proxy_not_executable_pnl
20,S2,25.0,0.09256824761180993,0.20624877102305406,0.5396759637687563,0.7344444948776708,-0.2587347214250193,0.03229058126391979,14.661968658322646,3.946414187510941,46957096.311490074,0.046957096311490074,5834.0,922,889,705,0.05410954596199476,0.6156028368794326,0.8566838822309597,0.0369980106008441,20,False,False,retrospective_CafeF_proxy_not_executable_pnl
20,S2,50.0,0.08192089992892693,0.20627982499375966,0.49140495139304174,0.6675416869565491,-0.26656601055863083,0.03233707125162497,14.657568216924801,3.9452297650934294,92116064.1778696,0.0921160641778696,5842.0,922,889,705,0.05408116229603451,0.6170212765957447,0.8568988246676037,0.03706549659559513,20,False,False,retrospective_CafeF_proxy_not_executable_pnl
20,S3,0.0,0.05153027772883001,0.13622293283997453,0.44306020330922224,0.5912246803420871,-0.18367631336438262,0.021520672444220495,11.285943130282863,3.037723454926909,0.0,0.0,5257.0,922,889,705,0.04607158767351328,0.1773049645390071,0.5665082155161959,0.02002233188101755,20,False,False,retrospective_CafeF_proxy_not_executable_pnl
20,S3,10.0,0.04835004163642598,0.1362179719190977,0.4204878631861403,0.5606315576529391,-0.18701462607289154,0.02153321673345851,11.286282138289756,3.037814702292066,13267356.731627539,0.013267356731627539,5257.0,922,889,705,0.046077123007615094,0.1773049645390071,0.5665564687306696,0.020034354149507196,20,False,False,retrospective_CafeF_proxy_not_executable_pnl
20,S3,25.0,0.04359670064971333,0.13621495577191797,0.3866114268625705,0.5148163513458793,-0.19199777852226085,0.021552039549215234,11.286793232268817,3.037952268302274,32887724.143827744,0.03288772414382774,5257.0,922,889,705,0.046081591585938025,0.17872340425531916,0.5666289014556505,0.02005241934773041,20,False,False,retrospective_CafeF_proxy_not_executable_pnl
20,S3,50.0,0.03571962540551188,0.136221735518607,0.3301126265892856,0.43865920755746884,-0.20023859266417388,0.021583427925673353,11.287649123691292,3.0381826399618603,64853500.03166877,0.06485350003166877,5257.0,922,889,705,0.04607850516396958,0.17872340425531916,0.5667497642010696,0.020082613120603856,20,False,False,retrospective_CafeF_proxy_not_executable_pnl
20,S4,0.0,0.03638814972611537,0.11160761920352963,0.3813877711711308,0.4981399121714525,-0.17896536425745546,0.017901051583681757,12.39519469839628,3.3362895089088,0.0,0.0,5257.0,922,889,705,0.05859273876839055,0.08226950354609928,0.47234424984627693,0.016302267424086615,20,False,False,retrospective_CafeF_proxy_not_executable_pnl
20,S4,10.0,0.03294211939474967,0.11159861983222558,0.35110082120083896,0.45805420840579686,-0.18299866192328262,0.017915751699846306,12.395922092561946,3.336485294258107,14159517.696485477,0.014159517696485477,5257.0,922,889,705,0.05862032777955718,0.08085106382978724,0.47239107404056,0.016313965624694355,20,False,False,retrospective_CafeF_proxy_not_executable_pnl
20,S4,25.0,0.027792894086117848,0.11159267543593653,0.3056342452069435,0.3980568913233211,-0.18901317458938438,0.01793781265013348,12.397014114937377,3.3367792229041098,35075955.7279322,0.0350759557279322,5257.0,922,889,705,0.058657304407734326,0.07801418439716312,0.47246137573787145,0.01633155107759391,20,False,False,retrospective_CafeF_proxy_not_executable_pnl
20,S4,50.0,0.019263426282427165,0.1116029254714175,0.22978725717804263,0.2984289002528449,-0.19894364188168023,0.017974609672217198,12.398858116739156,3.337275554266011,69092793.05527027,0.06909279305527027,5257.0,922,889,705,0.058703768902007576,0.07659574468085106,0.4725787205642786,0.01636096237033618,20,False,False,retrospective_CafeF_proxy_not_executable_pnl
20,EM_S2,0.0,0.05054068988370175,0.1354115030099418,0.4378382776142597,0.5835356517598711,-0.1851010107853559,0.021416171590052265,10.736434256408122,2.8898176950280523,0.0,0.0,5257.0,922,889,705,0.04649129565242049,0.17304964539007092,0.566966747491644,0.020483243377384983,20,False,False,retrospective_CafeF_proxy_not_executable_pnl
20,EM_S2,10.0,0.04751894271849588,0.1354061797680754,0.41624478114315844,0.5543133688117606,-0.1882270518327065,0.0214264938981855,10.736623997473533,2.889868765716439,12573749.108027646,0.012573749108027646,5257.0,922,889,705,0.04649494942761974,0.17304964539007092,0.567012744245812,0.020494894912251597,20,False,False,retrospective_CafeF_proxy_not_executable_pnl
20,EM_S2,25.0,0.04300178745564054,0.13540247251326162,0.38383805800455817,0.5105472644189177,-0.19289464285882285,0.02144198503528634,10.736908076057713,2.889945228283036,31181052.329848528,0.031181052329848528,5257.0,922,889,705,0.04649632320723181,0.17163120567375886,0.567081786832974,0.02051240162830133,20,False,False,retrospective_CafeF_proxy_not_executable_pnl
20,EM_S2,50.0,0.03551417933494383,0.1354077073127495,0.3297914236833555,0.43778233689402063,-0.20061723244023255,0.021469819988168055,10.737438639807191,2.8900880347749274,61529713.302452,0.061529713302452,5257.0,922,889,705,0.04648770320456682,0.17304964539007092,0.567196986173505,0.02054165843982657,20,False,False,retrospective_CafeF_proxy_not_executable_pnl
20,EM_S3,0.0,0.05153027772883001,0.13622293283997453,0.44306020330922224,0.5912246803420871,-0.18367631336438262,0.021520672444220495,11.285943130282863,3.037723454926909,0.0,0.0,5257.0,922,889,705,0.04607158767351328,0.1773049645390071,0.5665082155161959,0.02002233188101755,20,False,False,retrospective_CafeF_proxy_not_executable_pnl
20,EM_S3,10.0,0.04835004163642598,0.1362179719190977,0.4204878631861403,0.5606315576529391,-0.18701462607289154,0.02153321673345851,11.286282138289756,3.037814702292066,13267356.731627539,0.013267356731627539,5257.0,922,889,705,0.046077123007615094,0.1773049645390071,0.5665564687306696,0.020034354149507196,20,False,False,retrospective_CafeF_proxy_not_executable_pnl
20,EM_S3,25.0,0.04359670064971333,0.13621495577191797,0.3866114268625705,0.5148163513458793,-0.19199777852226085,0.021552039549215234,11.286793232268817,3.037952268302274,32887724.143827744,0.03288772414382774,5257.0,922,889,705,0.046081591585938025,0.17872340425531916,0.5666289014556505,0.02005241934773041,20,False,False,retrospective_CafeF_proxy_not_executable_pnl
20,EM_S3,50.0,0.03571962540551188,0.136221735518607,0.3301126265892856,0.43865920755746884,-0.20023859266417388,0.021583427925673353,11.287649123691292,3.0381826399618603,64853500.03166877,0.06485350003166877,5257.0,922,889,705,0.04607850516396958,0.17872340425531916,0.5667497642010696,0.020082613120603856,20,False,False,retrospective_CafeF_proxy_not_executable_pnl
20,BLIND_S2,0.0,0.06661978463310425,0.12440513762972277,0.5888844906867403,0.8027311165984873,-0.15603567793945472,0.01947684801439343,8.696104481318649,2.3406427131920684,0.0,0.0,5257.0,922,889,705,0.049176234543410344,0.18014184397163122,0.5174982850593977,0.022725094900854996,20,False,False,retrospective_CafeF_proxy_not_executable_pnl
20,BLIND_S2,10.0,0.06413702395995147,0.12440057583749867,0.5698746059488248,0.7762683989248842,-0.15809874326603113,0.019483728316240068,8.696199574066569,2.340668308347689,10248838.551462699,0.010248838551462698,5257.0,922,889,705,0.049179568611044465,0.18014184397163122,0.5175320524433598,0.022735295474454277,20,False,False,retrospective_CafeF_proxy_not_executable_pnl
20,BLIND_S2,25.0,0.060423211776921226,0.12439659765558882,0.5413440305740427,0.7366224986380127,-0.16118432083811685,0.019494052541391353,8.696344973914243,2.3407074441578315,25451701.7652108,0.0254517017652108,5257.0,922,889,705,0.04918126937487064,0.18014184397163122,0.5175827309741138,0.02275061501749759,20,False,False,retrospective_CafeF_proxy_not_executable_pnl
20,BLIND_S2,50.0,0.0542609600279913,0.12439760832028697,0.4937568190984677,0.6706730970165509,-0.16630300288757127,0.019514963400689242,8.696595089798691,2.340774765327172,50341927.89577094,0.05034192789577094,5257.0,922,889,705,0.049175313588897124,0.18014184397163122,0.5176672687463877,0.022776197604128884,20,False,False,retrospective_CafeF_proxy_not_executable_pnl
